week,DS,PSP,Wii,X360,PS3,3DS,WiiU,PS4,XOne,PSV,NS,XS,PS5
2004-11-27,0.0,0.0,0.0,0.0,0.0,0.0,0.0,0.0,0.0,0.0,0.0,0.0,0.0
2004-12-04,0.0,0.0,0.0,0.0,0.0,0.0,0.0,0.0,0.0,0.0,0.0,0.0,0.0
2004-12-11,0.0,0.0,0.0,0.0,0.0,0.0,0.0,0.0,0.0,0.0,0.0,0.0,0.0
2004-12-18,0.0,0.0,0.0,0.0,0.0,0.0,0.0,0.0,0.0,0.0,0.0,0.0,0.0
2004-12-25,0.0,0.0,0.0,0.0,0.0,0.0,0.0,0.0,0.0,0.0,0.0,0.0,0.0
2005-01-01,0.0,0.0,0.0,0.0,0.0,0.0,0.0,0.0,0.0,0.0,0.0,0.0,0.0
2005-01-08,0.0,0.0,0.0,0.0,0.0,0.0,0.0,0.0,0.0,0.0,0.0,0.0,0.0
2005-01-15,0.0,0.0,0.0,0.0,0.0,0.0,0.0,0.0,0.0,0.0,0.0,0.0,0.0
2005-01-22,0.0,0.0,0.0,0.0,0.0,0.0,0.0,0.0,0.0,0.0,0.0,0.0,0.0
2005-01-29,0.0,0.0,0.0,0.0,0.0,0.0,0.0,0.0,0.0,0.0,0.0,0.0,0.0
2005-02-05,0.0,0.0,0.0,0.0,0.0,0.0,0.0,0.0,0.0,0.0,0.0,0.0,0.0
2005-02-12,0.0,0.0,0.0,0.0,0.0,0.0,0.0,0.0,0.0,0.0,0.0,0.0,0.0
2005-02-19,0.0,0.0,0.0,0.0,0.0,0.0,0.0,0.0,0.0,0.0,0.0,0.0,0.0
2005-02-26,0.0,0.0,0.0,0.0,0.0,0.0,0.0,0.0,0.0,0.0,0.0,0.0,0.0
2005-03-05,0.0,0.0,0.0,0.0,0.0,0.0,0.0,0.0,0.0,0.0,0.0,0.0,0.0
2005-03-12,299675.0,0.0,0.0,0.0,0.0,0.0,0.0,0.0,0.0,0.0,0.0,0.0,0.0
2005-03-19,119264.0,0.0,0.0,0.0,0.0,0.0,0.0,0.0,0.0,0.0,0.0,0.0,0.0
2005-03-26,67640.0,0.0,0.0,0.0,0.0,0.0,0.0,0.0,0.0,0.0,0.0,0.0,0.0
2005-04-02,51538.0,0.0,0.0,0.0,0.0,0.0,0.0,0.0,0.0,0.0,0.0,0.0,0.0
2005-04-09,45897.0,0.0,0.0,0.0,0.0,0.0,0.0,0.0,0.0,0.0,0.0,0.0,0.0
2005-04-16,43483.0,0.0,0.0,0.0,0.0,0.0,0.0,0.0,0.0,0.0,0.0,0.0,0.0
2005-04-23,39670.0,0.0,0.0,0.0,0.0,0.0,0.0,0.0,0.0,0.0,0.0,0.0,0.0
2005-04-30,34177.0,0.0,0.0,0.0,0.0,0.0,0.0,0.0,0.0,0.0,0.0,0.0,0.0
2005-05-07,33026.0,0.0,0.0,0.0,0.0,0.0,0.0,0.0,0.0,0.0,0.0,0.0,0.0
2005-05-14,36463.0,0.0,0.0,0.0,0.0,0.0,0.0,0.0,0.0,0.0,0.0,0.0,0.0
2005-05-21,32131.0,0.0,0.0,0.0,0.0,0.0,0.0,0.0,0.0,0.0,0.0,0.0,0.0
2005-05-28,43639.0,0.0,0.0,0.0,0.0,0.0,0.0,0.0,0.0,0.0,0.0,0.0,0.0
2005-06-04,38953.0,0.0,0.0,0.0,0.0,0.0,0.0,0.0,0.0,0.0,0.0,0.0,0.0
2005-06-11,33989.0,0.0,0.0,0.0,0.0,0.0,0.0,0.0,0.0,0.0,0.0,0.0,0.0
2005-06-18,35110.0,0.0,0.0,0.0,0.0,0.0,0.0,0.0,0.0,0.0,0.0,0.0,0.0
2005-06-25,32364.0,0.0,0.0,0.0,0.0,0.0,0.0,0.0,0.0,0.0,0.0,0.0,0.0
2005-07-02,30542.0,0.0,0.0,0.0,0.0,0.0,0.0,0.0,0.0,0.0,0.0,0.0,0.0
2005-07-09,28992.0,0.0,0.0,0.0,0.0,0.0,0.0,0.0,0.0,0.0,0.0,0.0,0.0
2005-07-16,29610.0,0.0,0.0,0.0,0.0,0.0,0.0,0.0,0.0,0.0,0.0,0.0,0.0
2005-07-23,27004.0,0.0,0.0,0.0,0.0,0.0,0.0,0.0,0.0,0.0,0.0,0.0,0.0
2005-07-30,24807.0,0.0,0.0,0.0,0.0,0.0,0.0,0.0,0.0,0.0,0.0,0.0,0.0
2005-08-06,23835.0,0.0,0.0,0.0,0.0,0.0,0.0,0.0,0.0,0.0,0.0,0.0,0.0
2005-08-13,21121.0,0.0,0.0,0.0,0.0,0.0,0.0,0.0,0.0,0.0,0.0,0.0,0.0
2005-08-20,19711.0,0.0,0.0,0.0,0.0,0.0,0.0,0.0,0.0,0.0,0.0,0.0,0.0
2005-08-27,18334.0,0.0,0.0,0.0,0.0,0.0,0.0,0.0,0.0,0.0,0.0,0.0,0.0
2005-09-03,17194.0,568814.0,0.0,0.0,0.0,0.0,0.0,0.0,0.0,0.0,0.0,0.0,0.0
2005-09-10,16712.0,149887.0,0.0,0.0,0.0,0.0,0.0,0.0,0.0,0.0,0.0,0.0,0.0
2005-09-17,16827.0,93539.0,0.0,0.0,0.0,0.0,0.0,0.0,0.0,0.0,0.0,0.0,0.0
2005-09-24,16168.0,65486.0,0.0,0.0,0.0,0.0,0.0,0.0,0.0,0.0,0.0,0.0,0.0
2005-10-01,18769.0,59321.0,0.0,0.0,0.0,0.0,0.0,0.0,0.0,0.0,0.0,0.0,0.0
2005-10-08,51368.0,74305.0,0.0,0.0,0.0,0.0,0.0,0.0,0.0,0.0,0.0,0.0,0.0
2005-10-15,68573.0,64721.0,0.0,0.0,0.0,0.0,0.0,0.0,0.0,0.0,0.0,0.0,0.0
2005-10-22,65982.0,43678.0,0.0,0.0,0.0,0.0,0.0,0.0,0.0,0.0,0.0,0.0,0.0
2005-10-29,89256.0,51525.0,0.0,0.0,0.0,0.0,0.0,0.0,0.0,0.0,0.0,0.0,0.0
2005-11-05,107793.0,56857.0,0.0,0.0,0.0,0.0,0.0,0.0,0.0,0.0,0.0,0.0,0.0
2005-11-12,131278.0,51718.0,0.0,0.0,0.0,0.0,0.0,0.0,0.0,0.0,0.0,0.0,0.0
2005-11-19,150448.0,119568.0,0.0,0.0,0.0,0.0,0.0,0.0,0.0,0.0,0.0,0.0,0.0
2005-11-26,206052.0,127654.0,0.0,0.0,0.0,0.0,0.0,0.0,0.0,0.0,0.0,0.0,0.0
2005-12-03,255884.0,193987.0,0.0,0.0,0.0,0.0,0.0,0.0,0.0,0.0,0.0,0.0,0.0
2005-12-10,319500.0,206456.0,0.0,231802.0,0.0,0.0,0.0,0.0,0.0,0.0,0.0,0.0,0.0
2005-12-17,315577.0,235280.0,0.0,100555.0,0.0,0.0,0.0,0.0,0.0,0.0,0.0,0.0,0.0
2005-12-24,309153.0,296796.0,0.0,71198.0,0.0,0.0,0.0,0.0,0.0,0.0,0.0,0.0,0.0
2005-12-31,147093.0,162211.0,0.0,40156.0,0.0,0.0,0.0,0.0,0.0,0.0,0.0,0.0,0.0
2006-01-07,89304.0,80710.0,0.0,54035.0,0.0,0.0,0.0,0.0,0.0,0.0,0.0,0.0,0.0
2006-01-14,73698.0,68761.0,0.0,67646.0,0.0,0.0,0.0,0.0,0.0,0.0,0.0,0.0,0.0
2006-01-21,68194.0,65757.0,0.0,65406.0,0.0,0.0,0.0,0.0,0.0,0.0,0.0,0.0,0.0
2006-01-28,62808.0,62872.0,0.0,48278.0,0.0,0.0,0.0,0.0,0.0,0.0,0.0,0.0,0.0
2006-02-04,58727.0,60834.0,0.0,40533.0,0.0,0.0,0.0,0.0,0.0,0.0,0.0,0.0,0.0
2006-02-11,55785.0,64370.0,0.0,33004.0,0.0,0.0,0.0,0.0,0.0,0.0,0.0,0.0,0.0
2006-02-18,53142.0,63224.0,0.0,29003.0,0.0,0.0,0.0,0.0,0.0,0.0,0.0,0.0,0.0
2006-02-25,50305.0,64343.0,0.0,28313.0,0.0,0.0,0.0,0.0,0.0,0.0,0.0,0.0,0.0
2006-03-04,47527.0,60200.0,0.0,25734.0,0.0,0.0,0.0,0.0,0.0,0.0,0.0,0.0,0.0
2006-03-11,51526.0,59588.0,0.0,20846.0,0.0,0.0,0.0,0.0,0.0,0.0,0.0,0.0,0.0
2006-03-18,53227.0,58122.0,0.0,20482.0,0.0,0.0,0.0,0.0,0.0,0.0,0.0,0.0,0.0
2006-03-25,57088.0,61418.0,0.0,20202.0,0.0,0.0,0.0,0.0,0.0,0.0,0.0,0.0,0.0
2006-04-01,67691.0,63418.0,0.0,25051.0,0.0,0.0,0.0,0.0,0.0,0.0,0.0,0.0,0.0
2006-04-08,61169.0,67253.0,0.0,29131.0,0.0,0.0,0.0,0.0,0.0,0.0,0.0,0.0,0.0
2006-04-15,72227.0,68938.0,0.0,36423.0,0.0,0.0,0.0,0.0,0.0,0.0,0.0,0.0,0.0
2006-04-22,68227.0,69527.0,0.0,36674.0,0.0,0.0,0.0,0.0,0.0,0.0,0.0,0.0,0.0
2006-04-29,64456.0,67079.0,0.0,29181.0,0.0,0.0,0.0,0.0,0.0,0.0,0.0,0.0,0.0
2006-05-06,63490.0,65701.0,0.0,26514.0,0.0,0.0,0.0,0.0,0.0,0.0,0.0,0.0,0.0
2006-05-13,59995.0,65848.0,0.0,24435.0,0.0,0.0,0.0,0.0,0.0,0.0,0.0,0.0,0.0
2006-05-20,56701.0,62075.0,0.0,22516.0,0.0,0.0,0.0,0.0,0.0,0.0,0.0,0.0,0.0
2006-05-27,55870.0,58954.0,0.0,21219.0,0.0,0.0,0.0,0.0,0.0,0.0,0.0,0.0,0.0
2006-06-03,55448.0,55350.0,0.0,19549.0,0.0,0.0,0.0,0.0,0.0,0.0,0.0,0.0,0.0
2006-06-10,54394.0,53391.0,0.0,18128.0,0.0,0.0,0.0,0.0,0.0,0.0,0.0,0.0,0.0
2006-06-17,52609.0,52105.0,0.0,17320.0,0.0,0.0,0.0,0.0,0.0,0.0,0.0,0.0,0.0
2006-06-24,169588.0,52478.0,0.0,16552.0,0.0,0.0,0.0,0.0,0.0,0.0,0.0,0.0,0.0
2006-07-01,143973.0,50390.0,0.0,16348.0,0.0,0.0,0.0,0.0,0.0,0.0,0.0,0.0,0.0
2006-07-08,137177.0,47470.0,0.0,15765.0,0.0,0.0,0.0,0.0,0.0,0.0,0.0,0.0,0.0
2006-07-15,129319.0,44973.0,0.0,15424.0,0.0,0.0,0.0,0.0,0.0,0.0,0.0,0.0,0.0
2006-07-22,132084.0,43136.0,0.0,15521.0,0.0,0.0,0.0,0.0,0.0,0.0,0.0,0.0,0.0
2006-07-29,139462.0,40968.0,0.0,15804.0,0.0,0.0,0.0,0.0,0.0,0.0,0.0,0.0,0.0
2006-08-05,134609.0,38690.0,0.0,15914.0,0.0,0.0,0.0,0.0,0.0,0.0,0.0,0.0,0.0
2006-08-12,128134.0,36661.0,0.0,15312.0,0.0,0.0,0.0,0.0,0.0,0.0,0.0,0.0,0.0
2006-08-19,116802.0,36108.0,0.0,16137.0,0.0,0.0,0.0,0.0,0.0,0.0,0.0,0.0,0.0
2006-08-26,108693.0,35207.0,0.0,18080.0,0.0,0.0,0.0,0.0,0.0,0.0,0.0,0.0,0.0
2006-09-02,101228.0,33960.0,0.0,19373.0,0.0,0.0,0.0,0.0,0.0,0.0,0.0,0.0,0.0
2006-09-09,95274.0,32756.0,0.0,20883.0,0.0,0.0,0.0,0.0,0.0,0.0,0.0,0.0,0.0
2006-09-16,88159.0,31533.0,0.0,21252.0,0.0,0.0,0.0,0.0,0.0,0.0,0.0,0.0,0.0
2006-09-23,80755.0,30500.0,0.0,21635.0,0.0,0.0,0.0,0.0,0.0,0.0,0.0,0.0,0.0
2006-09-30,77633.0,31549.0,0.0,21102.0,0.0,0.0,0.0,0.0,0.0,0.0,0.0,0.0,0.0
2006-10-07,72405.0,29238.0,0.0,21086.0,0.0,0.0,0.0,0.0,0.0,0.0,0.0,0.0,0.0
2006-10-14,75986.0,28994.0,0.0,19034.0,0.0,0.0,0.0,0.0,0.0,0.0,0.0,0.0,0.0
2006-10-21,79873.0,31923.0,0.0,20159.0,0.0,0.0,0.0,0.0,0.0,0.0,0.0,0.0,0.0
2006-10-28,87824.0,42137.0,0.0,24652.0,0.0,0.0,0.0,0.0,0.0,0.0,0.0,0.0,0.0
2006-11-04,98292.0,49697.0,0.0,33700.0,0.0,0.0,0.0,0.0,0.0,0.0,0.0,0.0,0.0
2006-11-11,114858.0,60154.0,0.0,51246.0,0.0,0.0,0.0,0.0,0.0,0.0,0.0,0.0,0.0
2006-11-18,147347.0,70131.0,0.0,56814.0,0.0,0.0,0.0,0.0,0.0,0.0,0.0,0.0,0.0
2006-11-25,210877.0,85555.0,0.0,65345.0,0.0,0.0,0.0,0.0,0.0,0.0,0.0,0.0,0.0
2006-12-02,314246.0,117135.0,0.0,88874.0,0.0,0.0,0.0,0.0,0.0,0.0,0.0,0.0,0.0
2006-12-09,486735.0,167408.0,321565.0,110930.0,0.0,0.0,0.0,0.0,0.0,0.0,0.0,0.0,0.0
2006-12-16,496682.0,207877.0,141560.0,129104.0,0.0,0.0,0.0,0.0,0.0,0.0,0.0,0.0,0.0
2006-12-23,420101.0,248954.0,155325.0,143506.0,0.0,0.0,0.0,0.0,0.0,0.0,0.0,0.0,0.0
2006-12-30,173219.0,98572.0,78993.0,57641.0,0.0,0.0,0.0,0.0,0.0,0.0,0.0,0.0,0.0
2007-01-06,133269.0,74431.0,47649.0,47611.0,0.0,0.0,0.0,0.0,0.0,0.0,0.0,0.0,0.0
2007-01-13,89741.0,64999.0,56446.0,41977.0,0.0,0.0,0.0,0.0,0.0,0.0,0.0,0.0,0.0
2007-01-20,101321.0,61229.0,59277.0,38744.0,0.0,0.0,0.0,0.0,0.0,0.0,0.0,0.0,0.0
2007-01-27,119712.0,59166.0,62740.0,35977.0,0.0,0.0,0.0,0.0,0.0,0.0,0.0,0.0,0.0
2007-02-03,136972.0,55882.0,62004.0,32966.0,0.0,0.0,0.0,0.0,0.0,0.0,0.0,0.0,0.0
2007-02-10,139833.0,53332.0,49897.0,34763.0,0.0,0.0,0.0,0.0,0.0,0.0,0.0,0.0,0.0
2007-02-17,138114.0,53842.0,47567.0,36285.0,0.0,0.0,0.0,0.0,0.0,0.0,0.0,0.0,0.0
2007-02-24,150116.0,52332.0,50007.0,34728.0,0.0,0.0,0.0,0.0,0.0,0.0,0.0,0.0,0.0
2007-03-03,165683.0,51337.0,56684.0,31179.0,0.0,0.0,0.0,0.0,0.0,0.0,0.0,0.0,0.0
2007-03-10,161779.0,51555.0,60758.0,30030.0,0.0,0.0,0.0,0.0,0.0,0.0,0.0,0.0,0.0
2007-03-17,136095.0,49582.0,58139.0,32233.0,0.0,0.0,0.0,0.0,0.0,0.0,0.0,0.0,0.0
2007-03-24,143476.0,45605.0,54721.0,35907.0,516123.0,0.0,0.0,0.0,0.0,0.0,0.0,0.0,0.0
2007-03-31,116070.0,46170.0,50223.0,29553.0,105568.0,0.0,0.0,0.0,0.0,0.0,0.0,0.0,0.0
2007-04-07,124198.0,54908.0,78593.0,24497.0,68786.0,0.0,0.0,0.0,0.0,0.0,0.0,0.0,0.0
2007-04-14,123513.0,61169.0,73232.0,25782.0,51680.0,0.0,0.0,0.0,0.0,0.0,0.0,0.0,0.0
2007-04-21,135381.0,56344.0,66877.0,25161.0,41717.0,0.0,0.0,0.0,0.0,0.0,0.0,0.0,0.0
2007-04-28,134784.0,59124.0,62218.0,24297.0,34701.0,0.0,0.0,0.0,0.0,0.0,0.0,0.0,0.0
2007-05-05,137878.0,101357.0,57478.0,24102.0,32061.0,0.0,0.0,0.0,0.0,0.0,0.0,0.0,0.0
2007-05-12,140570.0,100728.0,53681.0,24833.0,30474.0,0.0,0.0,0.0,0.0,0.0,0.0,0.0,0.0
2007-05-19,145045.0,89768.0,60206.0,22822.0,27719.0,0.0,0.0,0.0,0.0,0.0,0.0,0.0,0.0
2007-05-26,144911.0,81905.0,82763.0,19473.0,25565.0,0.0,0.0,0.0,0.0,0.0,0.0,0.0,0.0
2007-06-02,142993.0,80013.0,73909.0,17806.0,23586.0,0.0,0.0,0.0,0.0,0.0,0.0,0.0,0.0
2007-06-09,141901.0,75380.0,68985.0,17761.0,21520.0,0.0,0.0,0.0,0.0,0.0,0.0,0.0,0.0
2007-06-16,139427.0,71486.0,67931.0,15992.0,21878.0,0.0,0.0,0.0,0.0,0.0,0.0,0.0,0.0
2007-06-23,137962.0,68675.0,66063.0,17234.0,22861.0,0.0,0.0,0.0,0.0,0.0,0.0,0.0,0.0
2007-06-30,150790.0,65244.0,82498.0,18774.0,22419.0,0.0,0.0,0.0,0.0,0.0,0.0,0.0,0.0
2007-07-07,161109.0,63678.0,76796.0,18575.0,21535.0,0.0,0.0,0.0,0.0,0.0,0.0,0.0,0.0
2007-07-14,165528.0,61165.0,75984.0,17711.0,20063.0,0.0,0.0,0.0,0.0,0.0,0.0,0.0,0.0
2007-07-21,176178.0,60850.0,78595.0,16876.0,22642.0,0.0,0.0,0.0,0.0,0.0,0.0,0.0,0.0
2007-07-28,210408.0,58996.0,86847.0,17413.0,28413.0,0.0,0.0,0.0,0.0,0.0,0.0,0.0,0.0
2007-08-04,195400.0,56909.0,80416.0,16445.0,34239.0,0.0,0.0,0.0,0.0,0.0,0.0,0.0,0.0
2007-08-11,182943.0,52234.0,81518.0,17297.0,32926.0,0.0,0.0,0.0,0.0,0.0,0.0,0.0,0.0
2007-08-18,173958.0,48810.0,87487.0,17685.0,31202.0,0.0,0.0,0.0,0.0,0.0,0.0,0.0,0.0
2007-08-25,167563.0,46899.0,80717.0,46396.0,31745.0,0.0,0.0,0.0,0.0,0.0,0.0,0.0,0.0
2007-09-01,159795.0,43395.0,84316.0,38613.0,32610.0,0.0,0.0,0.0,0.0,0.0,0.0,0.0,0.0
2007-09-08,163854.0,40803.0,75108.0,33917.0,31091.0,0.0,0.0,0.0,0.0,0.0,0.0,0.0,0.0
2007-09-15,169709.0,110300.0,70328.0,30674.0,30950.0,0.0,0.0,0.0,0.0,0.0,0.0,0.0,0.0
2007-09-22,170774.0,113301.0,71983.0,30778.0,31696.0,0.0,0.0,0.0,0.0,0.0,0.0,0.0,0.0
2007-09-29,174985.0,107339.0,60268.0,63672.0,39001.0,0.0,0.0,0.0,0.0,0.0,0.0,0.0,0.0
2007-10-06,171527.0,96453.0,52141.0,44593.0,39103.0,0.0,0.0,0.0,0.0,0.0,0.0,0.0,0.0
2007-10-13,168916.0,84900.0,94196.0,36679.0,105539.0,0.0,0.0,0.0,0.0,0.0,0.0,0.0,0.0
2007-10-20,179559.0,75932.0,131964.0,31069.0,104930.0,0.0,0.0,0.0,0.0,0.0,0.0,0.0,0.0
2007-10-27,173431.0,74353.0,133063.0,29118.0,93231.0,0.0,0.0,0.0,0.0,0.0,0.0,0.0,0.0
2007-11-03,181255.0,69777.0,90034.0,32212.0,81339.0,0.0,0.0,0.0,0.0,0.0,0.0,0.0,0.0
2007-11-10,227538.0,75435.0,82660.0,39189.0,85624.0,0.0,0.0,0.0,0.0,0.0,0.0,0.0,0.0
2007-11-17,299631.0,84908.0,126243.0,48772.0,97548.0,0.0,0.0,0.0,0.0,0.0,0.0,0.0,0.0
2007-11-24,494962.0,100796.0,168716.0,63357.0,119976.0,0.0,0.0,0.0,0.0,0.0,0.0,0.0,0.0
2007-12-01,611603.0,135499.0,273377.0,92013.0,172085.0,0.0,0.0,0.0,0.0,0.0,0.0,0.0,0.0
2007-12-08,605387.0,175878.0,313765.0,125055.0,225700.0,0.0,0.0,0.0,0.0,0.0,0.0,0.0,0.0
2007-12-15,679987.0,199713.0,325670.0,152334.0,272101.0,0.0,0.0,0.0,0.0,0.0,0.0,0.0,0.0
2007-12-22,724873.0,253889.0,431209.0,170442.0,312567.0,0.0,0.0,0.0,0.0,0.0,0.0,0.0,0.0
2007-12-29,380111.0,181918.0,267355.0,115313.0,210155.0,0.0,0.0,0.0,0.0,0.0,0.0,0.0,0.0
2008-01-05,106810.0,109270.0,40812.0,62378.0,105470.0,0.0,0.0,0.0,0.0,0.0,0.0,0.0,0.0
2008-01-12,111739.0,62732.0,68008.0,49898.0,73816.0,0.0,0.0,0.0,0.0,0.0,0.0,0.0,0.0
2008-01-19,169245.0,65601.0,120349.0,35216.0,59684.0,0.0,0.0,0.0,0.0,0.0,0.0,0.0,0.0
2008-01-26,119519.0,56686.0,96443.0,32260.0,58876.0,0.0,0.0,0.0,0.0,0.0,0.0,0.0,0.0
2008-02-02,126660.0,55076.0,99213.0,30002.0,54537.0,0.0,0.0,0.0,0.0,0.0,0.0,0.0,0.0
2008-02-09,166123.0,54957.0,95041.0,28569.0,54834.0,0.0,0.0,0.0,0.0,0.0,0.0,0.0,0.0
2008-02-16,195401.0,54258.0,91339.0,25828.0,55489.0,0.0,0.0,0.0,0.0,0.0,0.0,0.0,0.0
2008-02-23,172750.0,53327.0,107404.0,24931.0,53001.0,0.0,0.0,0.0,0.0,0.0,0.0,0.0,0.0
2008-03-01,184085.0,58380.0,100156.0,25971.0,59232.0,0.0,0.0,0.0,0.0,0.0,0.0,0.0,0.0
2008-03-08,138921.0,59327.0,97857.0,39679.0,55042.0,0.0,0.0,0.0,0.0,0.0,0.0,0.0,0.0
2008-03-15,155917.0,58124.0,92415.0,53645.0,56338.0,0.0,0.0,0.0,0.0,0.0,0.0,0.0,0.0
2008-03-22,174462.0,58904.0,114753.0,75420.0,74726.0,0.0,0.0,0.0,0.0,0.0,0.0,0.0,0.0
2008-03-29,154783.0,59490.0,108387.0,71536.0,97127.0,0.0,0.0,0.0,0.0,0.0,0.0,0.0,0.0
2008-04-05,170577.0,59483.0,111227.0,66400.0,91877.0,0.0,0.0,0.0,0.0,0.0,0.0,0.0,0.0
2008-04-12,153993.0,54485.0,124183.0,53892.0,71949.0,0.0,0.0,0.0,0.0,0.0,0.0,0.0,0.0
2008-04-19,146815.0,48956.0,135444.0,53448.0,60319.0,0.0,0.0,0.0,0.0,0.0,0.0,0.0,0.0
2008-04-26,143042.0,42176.0,152254.0,54389.0,48681.0,0.0,0.0,0.0,0.0,0.0,0.0,0.0,0.0
2008-05-03,145256.0,47118.0,168371.0,100672.0,101552.0,0.0,0.0,0.0,0.0,0.0,0.0,0.0,0.0
2008-05-10,143793.0,44349.0,141050.0,78381.0,71944.0,0.0,0.0,0.0,0.0,0.0,0.0,0.0,0.0
2008-05-17,131795.0,43206.0,125279.0,64166.0,59077.0,0.0,0.0,0.0,0.0,0.0,0.0,0.0,0.0
2008-05-24,137918.0,42077.0,136429.0,55206.0,56101.0,0.0,0.0,0.0,0.0,0.0,0.0,0.0,0.0
2008-05-31,128758.0,42651.0,134964.0,54064.0,59058.0,0.0,0.0,0.0,0.0,0.0,0.0,0.0,0.0
2008-06-07,121571.0,47012.0,126193.0,39164.0,52796.0,0.0,0.0,0.0,0.0,0.0,0.0,0.0,0.0
2008-06-14,158247.0,43867.0,110346.0,31286.0,51436.0,0.0,0.0,0.0,0.0,0.0,0.0,0.0,0.0
2008-06-21,190218.0,61121.0,109673.0,31614.0,53696.0,0.0,0.0,0.0,0.0,0.0,0.0,0.0,0.0
2008-06-28,227320.0,70354.0,148803.0,40219.0,63217.0,0.0,0.0,0.0,0.0,0.0,0.0,0.0,0.0
2008-07-05,227581.0,77654.0,129121.0,39850.0,54842.0,0.0,0.0,0.0,0.0,0.0,0.0,0.0,0.0
2008-07-12,234903.0,70480.0,131404.0,39602.0,48493.0,0.0,0.0,0.0,0.0,0.0,0.0,0.0,0.0
2008-07-19,217368.0,66601.0,125146.0,36711.0,40828.0,0.0,0.0,0.0,0.0,0.0,0.0,0.0,0.0
2008-07-26,204198.0,64248.0,112239.0,33693.0,32670.0,0.0,0.0,0.0,0.0,0.0,0.0,0.0,0.0
2008-08-02,217397.0,57798.0,120671.0,38368.0,34528.0,0.0,0.0,0.0,0.0,0.0,0.0,0.0,0.0
2008-08-09,201843.0,64952.0,126013.0,38393.0,35295.0,0.0,0.0,0.0,0.0,0.0,0.0,0.0,0.0
2008-08-16,170409.0,63475.0,115982.0,38093.0,31051.0,0.0,0.0,0.0,0.0,0.0,0.0,0.0,0.0
2008-08-23,157413.0,62499.0,119202.0,38742.0,66026.0,0.0,0.0,0.0,0.0,0.0,0.0,0.0,0.0
2008-08-30,161234.0,46550.0,115893.0,40281.0,76492.0,0.0,0.0,0.0,0.0,0.0,0.0,0.0,0.0
2008-09-06,156949.0,43389.0,119495.0,38824.0,65053.0,0.0,0.0,0.0,0.0,0.0,0.0,0.0,0.0
2008-09-13,138668.0,34401.0,108417.0,34250.0,61393.0,0.0,0.0,0.0,0.0,0.0,0.0,0.0,0.0
2008-09-20,134243.0,33919.0,99221.0,40698.0,49172.0,0.0,0.0,0.0,0.0,0.0,0.0,0.0,0.0
2008-09-27,133928.0,33414.0,108491.0,64273.0,50117.0,0.0,0.0,0.0,0.0,0.0,0.0,0.0,0.0
2008-10-04,153693.0,40125.0,118872.0,85167.0,68530.0,0.0,0.0,0.0,0.0,0.0,0.0,0.0,0.0
2008-10-11,145491.0,36185.0,122343.0,80132.0,74030.0,0.0,0.0,0.0,0.0,0.0,0.0,0.0,0.0
2008-10-18,142079.0,38193.0,127084.0,74239.0,61503.0,0.0,0.0,0.0,0.0,0.0,0.0,0.0,0.0
2008-10-25,165152.0,41263.0,134743.0,87077.0,57212.0,0.0,0.0,0.0,0.0,0.0,0.0,0.0,0.0
2008-11-01,228936.0,45140.0,170573.0,100794.0,83266.0,0.0,0.0,0.0,0.0,0.0,0.0,0.0,0.0
2008-11-08,288103.0,53834.0,188085.0,121218.0,95786.0,0.0,0.0,0.0,0.0,0.0,0.0,0.0,0.0
2008-11-15,335434.0,62524.0,219362.0,145287.0,100104.0,0.0,0.0,0.0,0.0,0.0,0.0,0.0,0.0
2008-11-22,390546.0,73638.0,284869.0,172264.0,100897.0,0.0,0.0,0.0,0.0,0.0,0.0,0.0,0.0
2008-11-29,542408.0,118336.0,361802.0,224814.0,148471.0,0.0,0.0,0.0,0.0,0.0,0.0,0.0,0.0
2008-12-06,644735.0,163068.0,426106.0,254443.0,182006.0,0.0,0.0,0.0,0.0,0.0,0.0,0.0,0.0
2008-12-13,675289.0,177727.0,489516.0,275285.0,209038.0,0.0,0.0,0.0,0.0,0.0,0.0,0.0,0.0
2008-12-20,772326.0,208879.0,535657.0,312143.0,227432.0,0.0,0.0,0.0,0.0,0.0,0.0,0.0,0.0
2008-12-27,541780.0,152188.0,432219.0,285369.0,203322.0,0.0,0.0,0.0,0.0,0.0,0.0,0.0,0.0
2009-01-03,348756.0,135524.0,287574.0,169217.0,141093.0,0.0,0.0,0.0,0.0,0.0,0.0,0.0,0.0
2009-01-10,186016.0,66474.0,164062.0,87294.0,84841.0,0.0,0.0,0.0,0.0,0.0,0.0,0.0,0.0
2009-01-17,131829.0,37238.0,128645.0,72671.0,59660.0,0.0,0.0,0.0,0.0,0.0,0.0,0.0,0.0
2009-01-24,129907.0,34507.0,117530.0,57123.0,59011.0,0.0,0.0,0.0,0.0,0.0,0.0,0.0,0.0
2009-01-31,138024.0,33335.0,121063.0,57525.0,58122.0,0.0,0.0,0.0,0.0,0.0,0.0,0.0,0.0
2009-02-07,116909.0,32233.0,91786.0,52606.0,44463.0,0.0,0.0,0.0,0.0,0.0,0.0,0.0,0.0
2009-02-14,127553.0,32424.0,96300.0,51062.0,40396.0,0.0,0.0,0.0,0.0,0.0,0.0,0.0,0.0
2009-02-21,116986.0,31314.0,90013.0,47839.0,34232.0,0.0,0.0,0.0,0.0,0.0,0.0,0.0,0.0
2009-02-28,110727.0,32728.0,92868.0,52739.0,42603.0,0.0,0.0,0.0,0.0,0.0,0.0,0.0,0.0
2009-03-07,115952.0,34004.0,75033.0,57909.0,47700.0,0.0,0.0,0.0,0.0,0.0,0.0,0.0,0.0
2009-03-14,96437.0,32726.0,74434.0,63327.0,46920.0,0.0,0.0,0.0,0.0,0.0,0.0,0.0,0.0
2009-03-21,98506.0,32310.0,61600.0,45856.0,35016.0,0.0,0.0,0.0,0.0,0.0,0.0,0.0,0.0
2009-03-28,96156.0,38982.0,72950.0,56768.0,44248.0,0.0,0.0,0.0,0.0,0.0,0.0,0.0,0.0
2009-04-04,382732.0,41446.0,68669.0,54396.0,41409.0,0.0,0.0,0.0,0.0,0.0,0.0,0.0,0.0
2009-04-11,287993.0,37205.0,88320.0,53408.0,38744.0,0.0,0.0,0.0,0.0,0.0,0.0,0.0,0.0
2009-04-18,205407.0,35888.0,81366.0,44718.0,36251.0,0.0,0.0,0.0,0.0,0.0,0.0,0.0,0.0
2009-04-25,163687.0,33842.0,63244.0,38562.0,31562.0,0.0,0.0,0.0,0.0,0.0,0.0,0.0,0.0
2009-05-02,187294.0,35396.0,78129.0,41674.0,36308.0,0.0,0.0,0.0,0.0,0.0,0.0,0.0,0.0
2009-05-09,180640.0,38225.0,78619.0,39103.0,36765.0,0.0,0.0,0.0,0.0,0.0,0.0,0.0,0.0
2009-05-16,154033.0,35692.0,61103.0,37889.0,34984.0,0.0,0.0,0.0,0.0,0.0,0.0,0.0,0.0
2009-05-23,156422.0,32791.0,74728.0,37395.0,33625.0,0.0,0.0,0.0,0.0,0.0,0.0,0.0,0.0
2009-05-30,161293.0,32744.0,78384.0,34900.0,34530.0,0.0,0.0,0.0,0.0,0.0,0.0,0.0,0.0
2009-06-06,152676.0,31274.0,64011.0,36066.0,35498.0,0.0,0.0,0.0,0.0,0.0,0.0,0.0,0.0
2009-06-13,135398.0,32655.0,59992.0,34694.0,35942.0,0.0,0.0,0.0,0.0,0.0,0.0,0.0,0.0
2009-06-20,138612.0,34119.0,57283.0,36922.0,37333.0,0.0,0.0,0.0,0.0,0.0,0.0,0.0,0.0
2009-06-27,157277.0,42111.0,62681.0,38537.0,38713.0,0.0,0.0,0.0,0.0,0.0,0.0,0.0,0.0
2009-07-04,166443.0,50507.0,57760.0,37729.0,42611.0,0.0,0.0,0.0,0.0,0.0,0.0,0.0,0.0
2009-07-11,167901.0,50949.0,57978.0,36495.0,41202.0,0.0,0.0,0.0,0.0,0.0,0.0,0.0,0.0
2009-07-18,159780.0,49827.0,53378.0,35290.0,39294.0,0.0,0.0,0.0,0.0,0.0,0.0,0.0,0.0
2009-07-25,138183.0,45440.0,57825.0,34947.0,36253.0,0.0,0.0,0.0,0.0,0.0,0.0,0.0,0.0
2009-08-01,151804.0,44577.0,61563.0,37808.0,40793.0,0.0,0.0,0.0,0.0,0.0,0.0,0.0,0.0
2009-08-08,131090.0,41055.0,57566.0,35151.0,39088.0,0.0,0.0,0.0,0.0,0.0,0.0,0.0,0.0
2009-08-15,112075.0,36539.0,56391.0,34098.0,43917.0,0.0,0.0,0.0,0.0,0.0,0.0,0.0,0.0
2009-08-22,108327.0,35126.0,56483.0,31390.0,35708.0,0.0,0.0,0.0,0.0,0.0,0.0,0.0,0.0
2009-08-29,109940.0,32988.0,55642.0,34011.0,39306.0,0.0,0.0,0.0,0.0,0.0,0.0,0.0,0.0
2009-09-05,111890.0,32891.0,53988.0,40225.0,215053.0,0.0,0.0,0.0,0.0,0.0,0.0,0.0,0.0
2009-09-12,99404.0,31755.0,46551.0,36649.0,131334.0,0.0,0.0,0.0,0.0,0.0,0.0,0.0,0.0
2009-09-19,87402.0,28942.0,48765.0,40505.0,114378.0,0.0,0.0,0.0,0.0,0.0,0.0,0.0,0.0
2009-09-26,91949.0,26232.0,49153.0,45840.0,98260.0,0.0,0.0,0.0,0.0,0.0,0.0,0.0,0.0
2009-10-03,102650.0,57094.0,98150.0,63257.0,128196.0,0.0,0.0,0.0,0.0,0.0,0.0,0.0,0.0
2009-10-10,110515.0,55189.0,118508.0,61061.0,113242.0,0.0,0.0,0.0,0.0,0.0,0.0,0.0,0.0
2009-10-17,103327.0,45402.0,122765.0,56843.0,107388.0,0.0,0.0,0.0,0.0,0.0,0.0,0.0,0.0
2009-10-24,119272.0,47915.0,118651.0,63681.0,105044.0,0.0,0.0,0.0,0.0,0.0,0.0,0.0,0.0
2009-10-31,179256.0,50652.0,131975.0,92278.0,117419.0,0.0,0.0,0.0,0.0,0.0,0.0,0.0,0.0
2009-11-07,198440.0,57740.0,172700.0,112962.0,145656.0,0.0,0.0,0.0,0.0,0.0,0.0,0.0,0.0
2009-11-14,226582.0,66095.0,214372.0,192422.0,196965.0,0.0,0.0,0.0,0.0,0.0,0.0,0.0,0.0
2009-11-21,230508.0,80918.0,275457.0,165970.0,179466.0,0.0,0.0,0.0,0.0,0.0,0.0,0.0,0.0
2009-11-28,340153.0,114240.0,363866.0,179930.0,195670.0,0.0,0.0,0.0,0.0,0.0,0.0,0.0,0.0
2009-12-05,458872.0,140713.0,417869.0,193428.0,258926.0,0.0,0.0,0.0,0.0,0.0,0.0,0.0,0.0
2009-12-12,516553.0,147448.0,491196.0,196470.0,275168.0,0.0,0.0,0.0,0.0,0.0,0.0,0.0,0.0
2009-12-19,552798.0,154410.0,602286.0,226276.0,284825.0,0.0,0.0,0.0,0.0,0.0,0.0,0.0,0.0
2009-12-26,504887.0,149642.0,522044.0,244780.0,300317.0,0.0,0.0,0.0,0.0,0.0,0.0,0.0,0.0
2010-01-02,261428.0,96169.0,334682.0,137081.0,187150.0,0.0,0.0,0.0,0.0,0.0,0.0,0.0,0.0
2010-01-09,149709.0,74757.0,229440.0,100738.0,144932.0,0.0,0.0,0.0,0.0,0.0,0.0,0.0,0.0
2010-01-16,80991.0,39434.0,107906.0,65294.0,86317.0,0.0,0.0,0.0,0.0,0.0,0.0,0.0,0.0
2010-01-23,73122.0,33214.0,92625.0,53271.0,72572.0,0.0,0.0,0.0,0.0,0.0,0.0,0.0,0.0
2010-01-30,72258.0,33682.0,93487.0,58993.0,78101.0,0.0,0.0,0.0,0.0,0.0,0.0,0.0,0.0
2010-02-06,68767.0,32119.0,83489.0,52214.0,72084.0,0.0,0.0,0.0,0.0,0.0,0.0,0.0,0.0
2010-02-13,74506.0,30376.0,88204.0,53262.0,71048.0,0.0,0.0,0.0,0.0,0.0,0.0,0.0,0.0
2010-02-20,77297.0,30250.0,86227.0,53711.0,59739.0,0.0,0.0,0.0,0.0,0.0,0.0,0.0,0.0
2010-02-27,79017.0,29155.0,88324.0,48254.0,70451.0,0.0,0.0,0.0,0.0,0.0,0.0,0.0,0.0
2010-03-06,171164.0,30054.0,80522.0,40155.0,71207.0,0.0,0.0,0.0,0.0,0.0,0.0,0.0,0.0
2010-03-13,133339.0,30976.0,68974.0,48787.0,74975.0,0.0,0.0,0.0,0.0,0.0,0.0,0.0,0.0
2010-03-20,113019.0,29739.0,68833.0,41166.0,73339.0,0.0,0.0,0.0,0.0,0.0,0.0,0.0,0.0
2010-03-27,105098.0,28767.0,80733.0,38733.0,60174.0,0.0,0.0,0.0,0.0,0.0,0.0,0.0,0.0
2010-04-03,119274.0,33137.0,90538.0,53570.0,67684.0,0.0,0.0,0.0,0.0,0.0,0.0,0.0,0.0
2010-04-10,101759.0,34006.0,73618.0,42203.0,54805.0,0.0,0.0,0.0,0.0,0.0,0.0,0.0,0.0
2010-04-17,98609.0,31576.0,66996.0,41895.0,55106.0,0.0,0.0,0.0,0.0,0.0,0.0,0.0,0.0
2010-04-24,86409.0,30381.0,63099.0,37463.0,50023.0,0.0,0.0,0.0,0.0,0.0,0.0,0.0,0.0
2010-05-01,85305.0,31414.0,68654.0,33314.0,53044.0,0.0,0.0,0.0,0.0,0.0,0.0,0.0,0.0
2010-05-08,115595.0,45617.0,78474.0,43001.0,67509.0,0.0,0.0,0.0,0.0,0.0,0.0,0.0,0.0
2010-05-15,100908.0,44258.0,75856.0,42449.0,67098.0,0.0,0.0,0.0,0.0,0.0,0.0,0.0,0.0
2010-05-22,80883.0,34911.0,65974.0,39337.0,54215.0,0.0,0.0,0.0,0.0,0.0,0.0,0.0,0.0
2010-05-29,90967.0,35638.0,77979.0,42945.0,56827.0,0.0,0.0,0.0,0.0,0.0,0.0,0.0,0.0
2010-06-05,92528.0,36036.0,70523.0,43902.0,60189.0,0.0,0.0,0.0,0.0,0.0,0.0,0.0,0.0
2010-06-12,82265.0,37255.0,65841.0,38762.0,52563.0,0.0,0.0,0.0,0.0,0.0,0.0,0.0,0.0
2010-06-19,93314.0,41592.0,55805.0,35319.0,53993.0,0.0,0.0,0.0,0.0,0.0,0.0,0.0,0.0
2010-06-26,107318.0,49378.0,49583.0,32654.0,55060.0,0.0,0.0,0.0,0.0,0.0,0.0,0.0,0.0
2010-07-03,130620.0,56665.0,52522.0,36058.0,61289.0,0.0,0.0,0.0,0.0,0.0,0.0,0.0,0.0
2010-07-10,119136.0,54097.0,49021.0,32562.0,57901.0,0.0,0.0,0.0,0.0,0.0,0.0,0.0,0.0
2010-07-17,107996.0,50420.0,45142.0,191638.0,54338.0,0.0,0.0,0.0,0.0,0.0,0.0,0.0,0.0
2010-07-24,100167.0,45910.0,39814.0,98283.0,46349.0,0.0,0.0,0.0,0.0,0.0,0.0,0.0,0.0
2010-07-31,110966.0,47299.0,46232.0,81192.0,55934.0,0.0,0.0,0.0,0.0,0.0,0.0,0.0,0.0
2010-08-07,101601.0,46876.0,44860.0,63114.0,57703.0,0.0,0.0,0.0,0.0,0.0,0.0,0.0,0.0
2010-08-14,95588.0,41083.0,39914.0,52091.0,58916.0,0.0,0.0,0.0,0.0,0.0,0.0,0.0,0.0
2010-08-21,87937.0,35788.0,38062.0,51013.0,49820.0,0.0,0.0,0.0,0.0,0.0,0.0,0.0,0.0
2010-08-28,89006.0,32683.0,44686.0,52478.0,52640.0,0.0,0.0,0.0,0.0,0.0,0.0,0.0,0.0
2010-09-04,86140.0,30565.0,52276.0,57967.0,53338.0,0.0,0.0,0.0,0.0,0.0,0.0,0.0,0.0
2010-09-11,75419.0,31237.0,39458.0,53870.0,46944.0,0.0,0.0,0.0,0.0,0.0,0.0,0.0,0.0
2010-09-18,68581.0,29660.0,41026.0,85266.0,62035.0,0.0,0.0,0.0,0.0,0.0,0.0,0.0,0.0
2010-09-25,70352.0,25844.0,39353.0,60121.0,64514.0,0.0,0.0,0.0,0.0,0.0,0.0,0.0,0.0
2010-10-02,72356.0,28364.0,42369.0,77016.0,84637.0,0.0,0.0,0.0,0.0,0.0,0.0,0.0,0.0
2010-10-09,94759.0,27834.0,40303.0,75756.0,87892.0,0.0,0.0,0.0,0.0,0.0,0.0,0.0,0.0
2010-10-16,78983.0,28387.0,36643.0,66990.0,93508.0,0.0,0.0,0.0,0.0,0.0,0.0,0.0,0.0
2010-10-23,87452.0,29794.0,60341.0,67628.0,91454.0,0.0,0.0,0.0,0.0,0.0,0.0,0.0,0.0
2010-10-30,123122.0,33848.0,121638.0,87922.0,101174.0,0.0,0.0,0.0,0.0,0.0,0.0,0.0,0.0
2010-11-06,135254.0,39553.0,157792.0,101890.0,130334.0,0.0,0.0,0.0,0.0,0.0,0.0,0.0,0.0
2010-11-13,149032.0,45888.0,163437.0,176938.0,144990.0,0.0,0.0,0.0,0.0,0.0,0.0,0.0,0.0
2010-11-20,173368.0,56488.0,185877.0,149259.0,121401.0,0.0,0.0,0.0,0.0,0.0,0.0,0.0,0.0
2010-11-27,247127.0,76725.0,254339.0,182169.0,210072.0,0.0,0.0,0.0,0.0,0.0,0.0,0.0,0.0
2010-12-04,288416.0,92581.0,368016.0,223462.0,240126.0,0.0,0.0,0.0,0.0,0.0,0.0,0.0,0.0
2010-12-11,320356.0,117714.0,422658.0,245301.0,258296.0,0.0,0.0,0.0,0.0,0.0,0.0,0.0,0.0
2010-12-18,359936.0,124341.0,473421.0,263301.0,268574.0,0.0,0.0,0.0,0.0,0.0,0.0,0.0,0.0
2010-12-25,354931.0,139775.0,440775.0,284002.0,271813.0,0.0,0.0,0.0,0.0,0.0,0.0,0.0,0.0
2011-01-01,193270.0,108066.0,244687.0,190332.0,184742.0,0.0,0.0,0.0,0.0,0.0,0.0,0.0,0.0
2011-01-08,151747.0,128785.0,185036.0,136234.0,147761.0,0.0,0.0,0.0,0.0,0.0,0.0,0.0,0.0
2011-01-15,74978.0,51562.0,81235.0,81450.0,93927.0,0.0,0.0,0.0,0.0,0.0,0.0,0.0,0.0
2011-01-22,67364.0,47080.0,59057.0,64616.0,85144.0,0.0,0.0,0.0,0.0,0.0,0.0,0.0,0.0
2011-01-29,66379.0,45692.0,61148.0,62177.0,90947.0,0.0,0.0,0.0,0.0,0.0,0.0,0.0,0.0
2011-02-05,63578.0,34764.0,53440.0,56370.0,84477.0,0.0,0.0,0.0,0.0,0.0,0.0,0.0,0.0
2011-02-12,52153.0,34415.0,43601.0,49560.0,73463.0,0.0,0.0,0.0,0.0,0.0,0.0,0.0,0.0
2011-02-19,54149.0,33849.0,45881.0,56445.0,73796.0,0.0,0.0,0.0,0.0,0.0,0.0,0.0,0.0
2011-02-26,54867.0,32761.0,48517.0,55033.0,80289.0,0.0,0.0,0.0,0.0,0.0,0.0,0.0,0.0
2011-03-05,67190.0,33854.0,42264.0,51569.0,79208.0,0.0,0.0,0.0,0.0,0.0,0.0,0.0,0.0
2011-03-12,61844.0,34962.0,39901.0,49144.0,72356.0,0.0,0.0,0.0,0.0,0.0,0.0,0.0,0.0
2011-03-19,54009.0,33599.0,35519.0,45281.0,69679.0,0.0,0.0,0.0,0.0,0.0,0.0,0.0,0.0
2011-03-26,51304.0,32331.0,34882.0,44702.0,66938.0,330262.0,0.0,0.0,0.0,0.0,0.0,0.0,0.0
2011-04-02,49734.0,37010.0,32864.0,50329.0,70125.0,111107.0,0.0,0.0,0.0,0.0,0.0,0.0,0.0
2011-04-09,49949.0,34921.0,33582.0,50665.0,63831.0,51627.0,0.0,0.0,0.0,0.0,0.0,0.0,0.0
2011-04-16,51293.0,41205.0,36453.0,51565.0,67119.0,38448.0,0.0,0.0,0.0,0.0,0.0,0.0,0.0
2011-04-23,53667.0,42896.0,43000.0,52576.0,71094.0,36924.0,0.0,0.0,0.0,0.0,0.0,0.0,0.0
2011-04-30,56766.0,45563.0,40233.0,52133.0,55538.0,30192.0,0.0,0.0,0.0,0.0,0.0,0.0,0.0
2011-05-07,61970.0,65363.0,40171.0,53058.0,58603.0,28541.0,0.0,0.0,0.0,0.0,0.0,0.0,0.0
2011-05-14,54412.0,55796.0,32478.0,55752.0,52357.0,27298.0,0.0,0.0,0.0,0.0,0.0,0.0,0.0
2011-05-21,53529.0,49366.0,79750.0,52035.0,59934.0,26189.0,0.0,0.0,0.0,0.0,0.0,0.0,0.0
2011-05-28,56870.0,51018.0,114854.0,50560.0,61112.0,23165.0,0.0,0.0,0.0,0.0,0.0,0.0,0.0
2011-06-04,57361.0,48248.0,88551.0,50208.0,60720.0,21394.0,0.0,0.0,0.0,0.0,0.0,0.0,0.0
2011-06-11,58061.0,47034.0,67293.0,49441.0,61389.0,22266.0,0.0,0.0,0.0,0.0,0.0,0.0,0.0
2011-06-18,52773.0,46760.0,57379.0,48657.0,55741.0,24666.0,0.0,0.0,0.0,0.0,0.0,0.0,0.0
2011-06-25,67535.0,49537.0,57780.0,48768.0,66573.0,26591.0,0.0,0.0,0.0,0.0,0.0,0.0,0.0
2011-07-02,83268.0,58477.0,53782.0,54769.0,83876.0,28342.0,0.0,0.0,0.0,0.0,0.0,0.0,0.0
2011-07-09,75915.0,54076.0,52584.0,67666.0,76453.0,24271.0,0.0,0.0,0.0,0.0,0.0,0.0,0.0
2011-07-16,70506.0,50522.0,49802.0,54717.0,67933.0,22509.0,0.0,0.0,0.0,0.0,0.0,0.0,0.0
2011-07-23,68191.0,45303.0,51076.0,47379.0,65059.0,20501.0,0.0,0.0,0.0,0.0,0.0,0.0,0.0
2011-07-30,70453.0,44338.0,46845.0,46192.0,69584.0,18932.0,0.0,0.0,0.0,0.0,0.0,0.0,0.0
2011-08-06,57381.0,47299.0,45879.0,45034.0,76494.0,14842.0,0.0,0.0,0.0,0.0,0.0,0.0,0.0
2011-08-13,49765.0,41824.0,44046.0,42479.0,62532.0,59885.0,0.0,0.0,0.0,0.0,0.0,0.0,0.0
2011-08-20,42215.0,36511.0,41259.0,43633.0,64280.0,66329.0,0.0,0.0,0.0,0.0,0.0,0.0,0.0
2011-08-27,41027.0,33396.0,40185.0,46122.0,78432.0,49468.0,0.0,0.0,0.0,0.0,0.0,0.0,0.0
2011-09-03,40723.0,30714.0,42068.0,48765.0,96770.0,44651.0,0.0,0.0,0.0,0.0,0.0,0.0,0.0
2011-09-10,35854.0,31411.0,38567.0,46251.0,84833.0,34530.0,0.0,0.0,0.0,0.0,0.0,0.0,0.0
2011-09-17,31879.0,29853.0,34462.0,43232.0,83504.0,31430.0,0.0,0.0,0.0,0.0,0.0,0.0,0.0
2011-09-24,30724.0,25963.0,36650.0,73774.0,81768.0,28058.0,0.0,0.0,0.0,0.0,0.0,0.0,0.0
2011-10-01,30520.0,28394.0,36984.0,71121.0,105714.0,36311.0,0.0,0.0,0.0,0.0,0.0,0.0,0.0
2011-10-08,29088.0,28774.0,47072.0,72152.0,113638.0,37335.0,0.0,0.0,0.0,0.0,0.0,0.0,0.0
2011-10-15,27749.0,28514.0,47161.0,75066.0,91051.0,37788.0,0.0,0.0,0.0,0.0,0.0,0.0,0.0
2011-10-22,32557.0,28364.0,54688.0,74223.0,90638.0,41790.0,0.0,0.0,0.0,0.0,0.0,0.0,0.0
2011-10-29,44417.0,31273.0,75819.0,95794.0,106890.0,55638.0,0.0,0.0,0.0,0.0,0.0,0.0,0.0
2011-11-05,48829.0,34156.0,85619.0,91426.0,134195.0,71529.0,0.0,0.0,0.0,0.0,0.0,0.0,0.0
2011-11-12,55067.0,36706.0,102407.0,144065.0,146856.0,77017.0,0.0,0.0,0.0,0.0,0.0,0.0,0.0
2011-11-19,64218.0,40292.0,123125.0,134071.0,134279.0,118131.0,0.0,0.0,0.0,0.0,0.0,0.0,0.0
2011-11-26,73028.0,54124.0,164957.0,166735.0,196438.0,191986.0,0.0,0.0,0.0,0.0,0.0,0.0,0.0
2011-12-03,85495.0,68517.0,189347.0,163011.0,230699.0,228884.0,0.0,0.0,0.0,0.0,0.0,0.0,0.0
2011-12-10,94900.0,99615.0,213426.0,194782.0,244355.0,234344.0,0.0,0.0,0.0,0.0,0.0,0.0,0.0
2011-12-17,107137.0,105466.0,258333.0,210517.0,274142.0,247229.0,0.0,0.0,0.0,0.0,0.0,0.0,0.0
2011-12-24,114606.0,116688.0,268959.0,222772.0,291788.0,275626.0,0.0,0.0,0.0,0.0,0.0,0.0,0.0
2011-12-31,62953.0,56844.0,141399.0,142511.0,183616.0,135587.0,0.0,0.0,0.0,0.0,0.0,0.0,0.0
2012-01-07,43506.0,85031.0,105590.0,93342.0,130031.0,79496.0,0.0,0.0,0.0,0.0,0.0,0.0,0.0
2012-01-14,22434.0,35249.0,54739.0,54983.0,89981.0,40817.0,0.0,0.0,0.0,0.0,0.0,0.0,0.0
2012-01-21,21011.0,32516.0,44829.0,49027.0,78628.0,35021.0,0.0,0.0,0.0,0.0,0.0,0.0,0.0
2012-01-28,19740.0,32688.0,41626.0,44792.0,79851.0,36015.0,0.0,0.0,0.0,0.0,0.0,0.0,0.0
2012-02-04,18071.0,33539.0,38457.0,52762.0,81852.0,33016.0,0.0,0.0,0.0,0.0,0.0,0.0,0.0
2012-02-11,17715.0,35847.0,36205.0,34395.0,75234.0,33170.0,0.0,0.0,0.0,0.0,0.0,0.0,0.0
2012-02-18,17630.0,34699.0,34697.0,32614.0,71991.0,37870.0,0.0,0.0,0.0,0.0,0.0,0.0,0.0
2012-02-25,17116.0,34192.0,31874.0,31675.0,67135.0,36953.0,0.0,0.0,0.0,167459.0,0.0,0.0,0.0
2012-03-03,16905.0,33735.0,31719.0,30163.0,71197.0,33425.0,0.0,0.0,0.0,45081.0,0.0,0.0,0.0
2012-03-10,16307.0,31717.0,29535.0,34299.0,68263.0,34301.0,0.0,0.0,0.0,29725.0,0.0,0.0,0.0
2012-03-17,16006.0,28824.0,23617.0,28628.0,58462.0,32399.0,0.0,0.0,0.0,19835.0,0.0,0.0,0.0
2012-03-24,15671.0,27937.0,22530.0,26430.0,53666.0,29990.0,0.0,0.0,0.0,14926.0,0.0,0.0,0.0
2012-03-31,18609.0,29015.0,25893.0,27824.0,61437.0,35692.0,0.0,0.0,0.0,15314.0,0.0,0.0,0.0
2012-04-07,19735.0,36426.0,29212.0,37015.0,69288.0,37544.0,0.0,0.0,0.0,14613.0,0.0,0.0,0.0
2012-04-14,13721.0,27862.0,23911.0,31795.0,62322.0,32993.0,0.0,0.0,0.0,14112.0,0.0,0.0,0.0
2012-04-21,11869.0,24426.0,24641.0,27559.0,57548.0,31003.0,0.0,0.0,0.0,13179.0,0.0,0.0,0.0
2012-04-28,11928.0,25529.0,24488.0,24267.0,49678.0,27237.0,0.0,0.0,0.0,12794.0,0.0,0.0,0.0
2012-05-05,12210.0,26095.0,22703.0,22230.0,47377.0,24875.0,0.0,0.0,0.0,12411.0,0.0,0.0,0.0
2012-05-12,10774.0,23405.0,20573.0,23624.0,45546.0,23233.0,0.0,0.0,0.0,11739.0,0.0,0.0,0.0
2012-05-19,10666.0,26100.0,20613.0,26171.0,48580.0,23511.0,0.0,0.0,0.0,11740.0,0.0,0.0,0.0
2012-05-26,10976.0,26769.0,21241.0,26417.0,50695.0,24410.0,0.0,0.0,0.0,12277.0,0.0,0.0,0.0
2012-06-02,10316.0,24199.0,19369.0,24191.0,51076.0,25085.0,0.0,0.0,0.0,13079.0,0.0,0.0,0.0
2012-06-09,9727.0,24307.0,22128.0,23951.0,47445.0,25195.0,0.0,0.0,0.0,11123.0,0.0,0.0,0.0
2012-06-16,9038.0,23363.0,18686.0,24014.0,47747.0,27573.0,0.0,0.0,0.0,13454.0,0.0,0.0,0.0
2012-06-23,9056.0,25262.0,17224.0,24598.0,49435.0,27244.0,0.0,0.0,0.0,10510.0,0.0,0.0,0.0
2012-06-30,8938.0,24105.0,17241.0,25067.0,52529.0,26247.0,0.0,0.0,0.0,11704.0,0.0,0.0,0.0
2012-07-07,8194.0,26838.0,16863.0,25428.0,50605.0,25263.0,0.0,0.0,0.0,9262.0,0.0,0.0,0.0
2012-07-14,8166.0,25713.0,16806.0,25754.0,49471.0,23759.0,0.0,0.0,0.0,8782.0,0.0,0.0,0.0
2012-07-21,7766.0,24765.0,17038.0,23083.0,46363.0,24041.0,0.0,0.0,0.0,8653.0,0.0,0.0,0.0
2012-07-28,7683.0,23975.0,18841.0,25265.0,50181.0,78688.0,0.0,0.0,0.0,9924.0,0.0,0.0,0.0
2012-08-04,7363.0,26001.0,17609.0,24191.0,52420.0,81785.0,0.0,0.0,0.0,9548.0,0.0,0.0,0.0
2012-08-11,6865.0,23671.0,17664.0,22137.0,48337.0,66572.0,0.0,0.0,0.0,8930.0,0.0,0.0,0.0
2012-08-18,7145.0,22278.0,17144.0,23442.0,47660.0,73062.0,0.0,0.0,0.0,8612.0,0.0,0.0,0.0
2012-08-25,6646.0,19900.0,16078.0,22105.0,45663.0,65960.0,0.0,0.0,0.0,8776.0,0.0,0.0,0.0
2012-09-01,6231.0,20512.0,16428.0,25975.0,46884.0,57175.0,0.0,0.0,0.0,9453.0,0.0,0.0,0.0
2012-09-08,6317.0,19528.0,14158.0,27074.0,42822.0,50006.0,0.0,0.0,0.0,10031.0,0.0,0.0,0.0
2012-09-15,6724.0,19705.0,13157.0,26614.0,40908.0,56859.0,0.0,0.0,0.0,9302.0,0.0,0.0,0.0
2012-09-22,6607.0,20064.0,12313.0,30163.0,41600.0,56031.0,0.0,0.0,0.0,10136.0,0.0,0.0,0.0
2012-09-29,6496.0,22449.0,11894.0,36844.0,73820.0,59216.0,0.0,0.0,0.0,11802.0,0.0,0.0,0.0
2012-10-06,6386.0,21209.0,14197.0,37152.0,80440.0,61552.0,0.0,0.0,0.0,11241.0,0.0,0.0,0.0
2012-10-13,6332.0,20530.0,14212.0,39449.0,94045.0,62468.0,0.0,0.0,0.0,12910.0,0.0,0.0,0.0
2012-10-20,6980.0,20969.0,16357.0,44036.0,70993.0,65660.0,0.0,0.0,0.0,13118.0,0.0,0.0,0.0
2012-10-27,8851.0,22716.0,21191.0,55643.0,78899.0,78613.0,0.0,0.0,0.0,15713.0,0.0,0.0,0.0
2012-11-03,9239.0,24450.0,23365.0,56687.0,119551.0,79311.0,0.0,0.0,0.0,22356.0,0.0,0.0,0.0
2012-11-10,11655.0,30950.0,32627.0,72144.0,107202.0,84574.0,0.0,0.0,0.0,26973.0,0.0,0.0,0.0
2012-11-17,15014.0,42960.0,42257.0,86794.0,125657.0,116284.0,0.0,0.0,0.0,30083.0,0.0,0.0,0.0
2012-11-24,18118.0,67931.0,54477.0,107587.0,256023.0,172641.0,0.0,0.0,0.0,37437.0,0.0,0.0,0.0
2012-12-01,21723.0,52128.0,64878.0,121213.0,170292.0,187849.0,177822.0,0.0,0.0,38512.0,0.0,0.0,0.0
2012-12-08,25650.0,71902.0,69985.0,134275.0,171563.0,207763.0,85927.0,0.0,0.0,42770.0,0.0,0.0,0.0
2012-12-15,31392.0,90335.0,85226.0,144832.0,184962.0,232617.0,65684.0,0.0,0.0,43081.0,0.0,0.0,0.0
2012-12-22,30898.0,95695.0,89239.0,149656.0,199934.0,239990.0,68130.0,0.0,0.0,44765.0,0.0,0.0,0.0
2012-12-29,21141.0,75649.0,62171.0,84356.0,143702.0,148421.0,43373.0,0.0,0.0,32670.0,0.0,0.0,0.0
2013-01-05,9314.0,64595.0,38032.0,56204.0,96997.0,60421.0,17051.0,0.0,0.0,17376.0,0.0,0.0,0.0
2013-01-12,6103.0,37726.0,20999.0,39972.0,62124.0,34933.0,10127.0,0.0,0.0,12404.0,0.0,0.0,0.0
2013-01-19,4854.0,25696.0,15395.0,33029.0,54691.0,24524.0,6992.0,0.0,0.0,9542.0,0.0,0.0,0.0
2013-01-26,4122.0,21669.0,14100.0,29584.0,51467.0,24548.0,6499.0,0.0,0.0,9734.0,0.0,0.0,0.0
2013-02-02,3638.0,19728.0,10175.0,29489.0,50742.0,22617.0,7171.0,0.0,0.0,9757.0,0.0,0.0,0.0
2013-02-09,3698.0,18567.0,10985.0,27449.0,43106.0,22335.0,6521.0,0.0,0.0,9648.0,0.0,0.0,0.0
2013-02-16,3690.0,20155.0,13700.0,25427.0,45960.0,29389.0,6968.0,0.0,0.0,9055.0,0.0,0.0,0.0
2013-02-23,3594.0,20293.0,12261.0,23461.0,39445.0,29106.0,6333.0,0.0,0.0,9237.0,0.0,0.0,0.0
2013-03-02,3526.0,19697.0,12216.0,23168.0,44379.0,27829.0,5709.0,0.0,0.0,9023.0,0.0,0.0,0.0
2013-03-09,3358.0,19727.0,11504.0,26966.0,42818.0,30328.0,5928.0,0.0,0.0,8006.0,0.0,0.0,0.0
2013-03-16,3244.0,18779.0,9575.0,24106.0,40503.0,26104.0,5369.0,0.0,0.0,7634.0,0.0,0.0,0.0
2013-03-23,3199.0,17606.0,9443.0,23230.0,37989.0,24498.0,11133.0,0.0,0.0,7295.0,0.0,0.0,0.0
2013-03-30,3533.0,19458.0,12841.0,29357.0,50389.0,39973.0,13175.0,0.0,0.0,8260.0,0.0,0.0,0.0
2013-04-06,3390.0,18518.0,10439.0,26835.0,43889.0,33191.0,8760.0,0.0,0.0,7687.0,0.0,0.0,0.0
2013-04-13,3152.0,17387.0,9470.0,25816.0,40523.0,29838.0,7393.0,0.0,0.0,7373.0,0.0,0.0,0.0
2013-04-20,2973.0,16980.0,8979.0,23990.0,38431.0,39931.0,7527.0,0.0,0.0,7260.0,0.0,0.0,0.0
2013-04-27,3058.0,17595.0,9129.0,20908.0,36244.0,33970.0,7154.0,0.0,0.0,7069.0,0.0,0.0,0.0
2013-05-04,3302.0,17295.0,8693.0,19798.0,33283.0,30695.0,6212.0,0.0,0.0,8652.0,0.0,0.0,0.0
2013-05-11,2997.0,16905.0,8579.0,19359.0,32093.0,29680.0,5836.0,0.0,0.0,7430.0,0.0,0.0,0.0
2013-05-18,2071.0,17523.0,8908.0,19192.0,32833.0,31282.0,5418.0,0.0,0.0,7692.0,0.0,0.0,0.0
2013-05-25,3492.0,18051.0,8639.0,18387.0,31767.0,31503.0,5930.0,0.0,0.0,7875.0,0.0,0.0,0.0
2013-06-01,3371.0,17555.0,8421.0,17324.0,30610.0,33353.0,5559.0,0.0,0.0,7522.0,0.0,0.0,0.0
2013-06-08,3341.0,17581.0,8326.0,16668.0,28502.0,33415.0,5299.0,0.0,0.0,7092.0,0.0,0.0,0.0
2013-06-15,3145.0,17649.0,7578.0,16904.0,32727.0,65813.0,5049.0,0.0,0.0,8303.0,0.0,0.0,0.0
2013-06-22,3560.0,18328.0,7308.0,16720.0,30164.0,44964.0,4574.0,0.0,0.0,7392.0,0.0,0.0,0.0
2013-06-29,3530.0,17592.0,7829.0,18633.0,29602.0,38808.0,4846.0,0.0,0.0,7393.0,0.0,0.0,0.0
2013-07-06,3340.0,17112.0,7785.0,18945.0,27249.0,37118.0,4360.0,0.0,0.0,7691.0,0.0,0.0,0.0
2013-07-13,3131.0,17109.0,7766.0,17823.0,26837.0,35254.0,4990.0,0.0,0.0,7402.0,0.0,0.0,0.0
2013-07-20,3037.0,16752.0,7947.0,17002.0,25968.0,34638.0,5288.0,0.0,0.0,7364.0,0.0,0.0,0.0
2013-07-27,3180.0,16934.0,8570.0,17135.0,25810.0,36878.0,6715.0,0.0,0.0,7154.0,0.0,0.0,0.0
2013-08-03,3278.0,16477.0,8559.0,16140.0,26880.0,40015.0,5509.0,0.0,0.0,7007.0,0.0,0.0,0.0
2013-08-10,2997.0,16465.0,8313.0,15809.0,25370.0,38998.0,4714.0,0.0,0.0,6675.0,0.0,0.0,0.0
2013-08-17,3194.0,17499.0,8665.0,16180.0,25621.0,48671.0,4454.0,0.0,0.0,6954.0,0.0,0.0,0.0
2013-08-24,3455.0,17119.0,9362.0,16188.0,27768.0,40471.0,4920.0,0.0,0.0,9974.0,0.0,0.0,0.0
2013-08-31,3206.0,16886.0,9338.0,15541.0,29430.0,40685.0,4024.0,0.0,0.0,10105.0,0.0,0.0,0.0
2013-09-07,3238.0,16518.0,8340.0,15897.0,27383.0,39456.0,3867.0,0.0,0.0,11066.0,0.0,0.0,0.0
2013-09-14,3395.0,15576.0,8126.0,14416.0,25561.0,40389.0,3806.0,0.0,0.0,10381.0,0.0,0.0,0.0
2013-09-21,3303.0,15891.0,7650.0,37563.0,126518.0,40335.0,3923.0,0.0,0.0,10671.0,0.0,0.0,0.0
2013-09-28,3194.0,16315.0,7542.0,25915.0,78740.0,40497.0,3812.0,0.0,0.0,11978.0,0.0,0.0,0.0
2013-10-05,3044.0,15936.0,9139.0,25085.0,54647.0,40058.0,23139.0,0.0,0.0,13907.0,0.0,0.0,0.0
2013-10-12,3250.0,15442.0,8064.0,24102.0,46824.0,96480.0,13784.0,0.0,0.0,13090.0,0.0,0.0,0.0
2013-10-19,3550.0,15644.0,8284.0,25575.0,43529.0,97951.0,9945.0,0.0,0.0,15494.0,0.0,0.0,0.0
2013-10-26,4426.0,15714.0,9047.0,23486.0,42791.0,104573.0,10527.0,0.0,0.0,15815.0,0.0,0.0,0.0
2013-11-02,4989.0,15834.0,10886.0,27795.0,45541.0,106104.0,12381.0,0.0,0.0,16051.0,0.0,0.0,0.0
2013-11-09,5912.0,16461.0,13096.0,32475.0,60558.0,111355.0,16014.0,0.0,0.0,16773.0,0.0,0.0,0.0
2013-11-16,5760.0,51726.0,17558.0,41349.0,53960.0,122142.0,21325.0,0.0,0.0,17744.0,0.0,0.0,0.0
2013-11-23,6985.0,62997.0,20390.0,46771.0,60683.0,137772.0,28126.0,0.0,311590.0,21423.0,0.0,0.0,0.0
2013-11-30,8169.0,67197.0,22966.0,75765.0,67003.0,178615.0,41324.0,706948.0,98381.0,30800.0,0.0,0.0,0.0
2013-12-07,9244.0,80814.0,25774.0,79626.0,79528.0,182858.0,44011.0,180726.0,87247.0,36028.0,0.0,0.0,0.0
2013-12-14,11445.0,75623.0,31605.0,84385.0,100268.0,208122.0,54757.0,185763.0,83643.0,38509.0,0.0,0.0,0.0
2013-12-21,11220.0,74170.0,32348.0,89644.0,113288.0,234163.0,61214.0,259942.0,86205.0,42604.0,0.0,0.0,0.0
2013-12-28,7773.0,74941.0,27207.0,81344.0,97348.0,192626.0,50752.0,190858.0,64973.0,39467.0,0.0,0.0,0.0
2014-01-04,0.0,59680.0,15787.0,19968.0,56124.0,96586.0,21543.0,108874.0,41736.0,21349.0,0.0,0.0,0.0
2014-01-11,0.0,40890.0,9168.0,13273.0,31439.0,43426.0,12878.0,76616.0,24530.0,14727.0,0.0,0.0,0.0
2014-01-18,0.0,24559.0,6548.0,10813.0,26032.0,34753.0,10432.0,68724.0,19936.0,10727.0,0.0,0.0,0.0
2014-01-25,0.0,19834.0,5680.0,10123.0,26026.0,34326.0,8738.0,61560.0,16842.0,10182.0,0.0,0.0,0.0
2014-02-01,0.0,17121.0,5707.0,10604.0,26328.0,30926.0,8089.0,66062.0,15751.0,9649.0,0.0,0.0,0.0
2014-02-08,0.0,15364.0,6166.0,9062.0,25222.0,31875.0,7535.0,64083.0,14557.0,9506.0,0.0,0.0,0.0
2014-02-15,0.0,15241.0,6989.0,8213.0,27146.0,34306.0,8342.0,44291.0,12921.0,9941.0,0.0,0.0,0.0
2014-02-22,0.0,13978.0,6227.0,7596.0,26902.0,37496.0,9684.0,40828.0,13692.0,10353.0,0.0,0.0,0.0
2014-03-01,0.0,13688.0,6208.0,7285.0,27421.0,33530.0,9399.0,37237.0,14806.0,10090.0,0.0,0.0,0.0
2014-03-08,0.0,13599.0,5927.0,7309.0,26170.0,34677.0,8705.0,44120.0,16170.0,9696.0,0.0,0.0,0.0
2014-03-15,0.0,13414.0,5360.0,6482.0,23562.0,32718.0,7948.0,44452.0,30347.0,9560.0,0.0,0.0,0.0
2014-03-22,0.0,13258.0,5310.0,6581.0,22460.0,30684.0,7615.0,75571.0,21735.0,10647.0,0.0,0.0,0.0
2014-03-29,0.0,12137.0,5938.0,7319.0,25770.0,30785.0,7513.0,78723.0,19861.0,9824.0,0.0,0.0,0.0
2014-04-05,0.0,11980.0,5670.0,7526.0,23925.0,29755.0,6888.0,74758.0,17363.0,9486.0,0.0,0.0,0.0
2014-04-12,0.0,11781.0,5619.0,7225.0,23650.0,28754.0,6828.0,72738.0,16406.0,9006.0,0.0,0.0,0.0
2014-04-19,0.0,10733.0,5513.0,7061.0,22798.0,33694.0,7609.0,71297.0,15167.0,8966.0,0.0,0.0,0.0
2014-04-26,0.0,11692.0,5545.0,6480.0,21794.0,28044.0,7116.0,65686.0,13909.0,8680.0,0.0,0.0,0.0
2014-05-03,0.0,11590.0,5302.0,5415.0,20506.0,27282.0,6521.0,63026.0,14609.0,7770.0,0.0,0.0,0.0
2014-05-10,0.0,11346.0,5020.0,5279.0,19248.0,26793.0,6326.0,68054.0,13503.0,7868.0,0.0,0.0,0.0
2014-05-17,0.0,10479.0,5914.0,5495.0,20543.0,26908.0,6298.0,61953.0,13158.0,10310.0,0.0,0.0,0.0
2014-05-24,0.0,10213.0,6250.0,5020.0,21174.0,27120.0,6581.0,65857.0,14487.0,10392.0,0.0,0.0,0.0
2014-05-31,0.0,10184.0,6062.0,5553.0,19494.0,28762.0,49028.0,107941.0,20294.0,10642.0,0.0,0.0,0.0
2014-06-07,0.0,11741.0,5349.0,5334.0,18562.0,30270.0,30455.0,73771.0,15436.0,9827.0,0.0,0.0,0.0
2014-06-14,0.0,13738.0,4960.0,4588.0,19612.0,30083.0,20813.0,68928.0,16563.0,9507.0,0.0,0.0,0.0
2014-06-21,0.0,11959.0,4625.0,4696.0,19179.0,29212.0,17296.0,69911.0,18292.0,8992.0,0.0,0.0,0.0
2014-06-28,0.0,11798.0,4601.0,5407.0,20322.0,30871.0,16344.0,79592.0,16451.0,9023.0,0.0,0.0,0.0
2014-07-05,0.0,10570.0,4612.0,5597.0,18913.0,29266.0,16079.0,81612.0,16214.0,8684.0,0.0,0.0,0.0
2014-07-12,0.0,10357.0,4563.0,4964.0,18575.0,28436.0,15337.0,79319.0,15951.0,8798.0,0.0,0.0,0.0
2014-07-19,0.0,10267.0,4384.0,4334.0,17413.0,27726.0,14968.0,77211.0,15614.0,8817.0,0.0,0.0,0.0
2014-07-26,0.0,10143.0,4301.0,4197.0,18073.0,27223.0,14825.0,76571.0,15264.0,8624.0,0.0,0.0,0.0
2014-08-02,0.0,9999.0,4283.0,4411.0,18991.0,27977.0,13105.0,103033.0,15517.0,8551.0,0.0,0.0,0.0
2014-08-09,0.0,9861.0,4114.0,3978.0,16649.0,27086.0,12799.0,82810.0,16093.0,8355.0,0.0,0.0,0.0
2014-08-16,0.0,9700.0,3971.0,4070.0,16125.0,25789.0,11227.0,65248.0,16166.0,8091.0,0.0,0.0,0.0
2014-08-23,0.0,9756.0,3876.0,4806.0,15607.0,24795.0,10675.0,68089.0,16463.0,8046.0,0.0,0.0,0.0
2014-08-30,0.0,8818.0,3830.0,4892.0,15571.0,24971.0,10876.0,72133.0,17462.0,9443.0,0.0,0.0,0.0
2014-09-06,0.0,8994.0,3785.0,4031.0,21994.0,23484.0,9832.0,67741.0,84205.0,10644.0,0.0,0.0,0.0
2014-09-13,0.0,9099.0,3609.0,5846.0,21885.0,24144.0,10465.0,180950.0,50918.0,11260.0,0.0,0.0,0.0
2014-09-20,0.0,9304.0,3430.0,5509.0,17353.0,22288.0,12780.0,102916.0,42729.0,11199.0,0.0,0.0,0.0
2014-09-27,0.0,9407.0,3366.0,7145.0,21649.0,23598.0,11328.0,240286.0,90143.0,11160.0,0.0,0.0,0.0
2014-10-04,0.0,9740.0,3523.0,13806.0,20435.0,41953.0,12257.0,164470.0,61639.0,11527.0,0.0,0.0,0.0
2014-10-11,0.0,9985.0,3517.0,6580.0,19740.0,38099.0,10664.0,145475.0,49601.0,13205.0,0.0,0.0,0.0
2014-10-18,0.0,10438.0,3555.0,6922.0,18659.0,39839.0,12882.0,139721.0,47716.0,14565.0,0.0,0.0,0.0
2014-10-25,0.0,11017.0,3711.0,6591.0,19776.0,48525.0,16080.0,135697.0,46444.0,15822.0,0.0,0.0,0.0
2014-11-01,0.0,11352.0,4195.0,7164.0,22136.0,51574.0,17446.0,139904.0,72420.0,15324.0,0.0,0.0,0.0
2014-11-08,0.0,11887.0,4473.0,10017.0,27318.0,55304.0,19227.0,211913.0,99174.0,16062.0,0.0,0.0,0.0
2014-11-15,0.0,12603.0,5118.0,11831.0,25490.0,73895.0,24780.0,220549.0,99033.0,21760.0,0.0,0.0,0.0
2014-11-22,0.0,14262.0,5783.0,22121.0,29204.0,89471.0,31560.0,275468.0,113386.0,28499.0,0.0,0.0,0.0
2014-11-29,0.0,17964.0,6754.0,28426.0,41065.0,146466.0,52691.0,426074.0,187938.0,38120.0,0.0,0.0,0.0
2014-12-06,0.0,22064.0,7451.0,27173.0,40620.0,116733.0,54292.0,373318.0,155701.0,40020.0,0.0,0.0,0.0
2014-12-13,0.0,23369.0,8107.0,28674.0,45360.0,127804.0,60379.0,350221.0,148569.0,43194.0,0.0,0.0,0.0
2014-12-20,0.0,23709.0,8855.0,30082.0,47386.0,142484.0,71250.0,381111.0,163447.0,43486.0,0.0,0.0,0.0
2014-12-27,0.0,21164.0,8022.0,9920.0,47827.0,96842.0,63928.0,253144.0,129194.0,23849.0,0.0,0.0,0.0
2015-01-03,0.0,15452.0,6287.0,5586.0,34096.0,78399.0,28770.0,151816.0,51051.0,9756.0,0.0,0.0,0.0
2015-01-10,0.0,11542.0,5031.0,3561.0,17407.0,30107.0,10474.0,86068.0,28178.0,7450.0,0.0,0.0,0.0
2015-01-17,0.0,10759.0,4350.0,2853.0,15334.0,23799.0,8032.0,70457.0,22983.0,5196.0,0.0,0.0,0.0
2015-01-24,0.0,9862.0,3739.0,2948.0,15374.0,24863.0,6872.0,66243.0,22545.0,5295.0,0.0,0.0,0.0
2015-01-31,0.0,8955.0,3408.0,2963.0,15250.0,20855.0,7000.0,66673.0,21847.0,4511.0,0.0,0.0,0.0
2015-02-07,0.0,8103.0,3388.0,2458.0,15220.0,21533.0,7527.0,67105.0,20733.0,4983.0,0.0,0.0,0.0
2015-02-14,0.0,7560.0,3547.0,2281.0,15826.0,113273.0,9619.0,74648.0,19975.0,4973.0,0.0,0.0,0.0
2015-02-21,0.0,6888.0,3278.0,2500.0,15416.0,76719.0,9034.0,90616.0,19309.0,4563.0,0.0,0.0,0.0
2015-02-28,0.0,6846.0,3069.0,2305.0,15513.0,57374.0,7384.0,99905.0,23181.0,4466.0,0.0,0.0,0.0
2015-03-07,0.0,6555.0,2794.0,2266.0,14612.0,50618.0,6878.0,94133.0,22220.0,5058.0,0.0,0.0,0.0
2015-03-14,0.0,6664.0,2397.0,2155.0,13635.0,44637.0,5991.0,88109.0,21582.0,4835.0,0.0,0.0,0.0
2015-03-21,0.0,6399.0,2302.0,2312.0,11703.0,38992.0,8661.0,95669.0,21591.0,4706.0,0.0,0.0,0.0
2015-03-28,0.0,6226.0,2529.0,2312.0,13195.0,36311.0,7846.0,111487.0,21554.0,4534.0,0.0,0.0,0.0
2015-04-04,0.0,6128.0,2407.0,2186.0,12942.0,34840.0,6911.0,101842.0,21153.0,4600.0,0.0,0.0,0.0
2015-04-11,0.0,6027.0,2277.0,2289.0,12453.0,31668.0,6891.0,105817.0,21345.0,3994.0,0.0,0.0,0.0
2015-04-18,0.0,5884.0,2188.0,2192.0,12020.0,30809.0,6929.0,95482.0,22717.0,3837.0,0.0,0.0,0.0
2015-04-25,0.0,4785.0,2133.0,2179.0,12055.0,26346.0,7154.0,85164.0,20635.0,3885.0,0.0,0.0,0.0
2015-05-02,0.0,4791.0,2051.0,2063.0,11736.0,23642.0,7586.0,80333.0,20278.0,3719.0,0.0,0.0,0.0
2015-05-09,0.0,4535.0,1976.0,1975.0,11120.0,21286.0,7129.0,80294.0,18222.0,4004.0,0.0,0.0,0.0
2015-05-16,0.0,4487.0,2085.0,1984.0,11574.0,22078.0,6942.0,76476.0,18529.0,4534.0,0.0,0.0,0.0
2015-05-23,0.0,4446.0,2237.0,1887.0,11716.0,20740.0,7091.0,96805.0,20583.0,4255.0,0.0,0.0,0.0
2015-05-30,0.0,4184.0,2209.0,1634.0,11088.0,21419.0,16389.0,81172.0,18565.0,4260.0,0.0,0.0,0.0
2015-06-06,0.0,4097.0,2062.0,1864.0,10764.0,21496.0,14247.0,79937.0,18767.0,3534.0,0.0,0.0,0.0
2015-06-13,0.0,3946.0,1915.0,1574.0,10823.0,23893.0,11512.0,84933.0,21065.0,3960.0,0.0,0.0,0.0
2015-06-20,0.0,3843.0,1777.0,2598.0,10824.0,23824.0,11337.0,86285.0,22303.0,3965.0,0.0,0.0,0.0
2015-06-27,0.0,3758.0,1815.0,1655.0,10975.0,24721.0,10271.0,124293.0,27591.0,3706.0,0.0,0.0,0.0
2015-07-04,0.0,3548.0,1179.0,1623.0,10383.0,23910.0,8877.0,106388.0,26970.0,4577.0,0.0,0.0,0.0
2015-07-11,0.0,3383.0,1165.0,1568.0,9937.0,26963.0,8147.0,85548.0,22482.0,3644.0,0.0,0.0,0.0
2015-07-18,0.0,3240.0,1214.0,1588.0,9667.0,27924.0,8176.0,79347.0,21813.0,3485.0,0.0,0.0,0.0
2015-07-25,0.0,3184.0,1130.0,1558.0,9710.0,32238.0,8616.0,76919.0,20469.0,3335.0,0.0,0.0,0.0
2015-08-01,0.0,2937.0,1070.0,1612.0,9812.0,32735.0,7920.0,80006.0,20350.0,3487.0,0.0,0.0,0.0
2015-08-08,0.0,2875.0,1023.0,1471.0,9268.0,30197.0,8200.0,78758.0,20738.0,3419.0,0.0,0.0,0.0
2015-08-15,0.0,2821.0,993.0,1484.0,9105.0,31582.0,7393.0,78146.0,20396.0,3245.0,0.0,0.0,0.0
2015-08-22,0.0,2763.0,1056.0,1558.0,9262.0,32272.0,8141.0,78909.0,19700.0,3449.0,0.0,0.0,0.0
2015-08-29,0.0,2685.0,1036.0,1540.0,9273.0,30747.0,7335.0,82174.0,28445.0,3695.0,0.0,0.0,0.0
2015-09-05,0.0,2621.0,988.0,1594.0,9049.0,27140.0,7355.0,108266.0,29007.0,3862.0,0.0,0.0,0.0
2015-09-12,0.0,2584.0,1048.0,1546.0,10017.0,25307.0,14693.0,88709.0,26248.0,4115.0,0.0,0.0,0.0
2015-09-19,0.0,2609.0,892.0,1796.0,12111.0,25298.0,9220.0,103456.0,34602.0,4011.0,0.0,0.0,0.0
2015-09-26,0.0,2739.0,876.0,1908.0,12204.0,26080.0,8089.0,165562.0,50229.0,4245.0,0.0,0.0,0.0
2015-10-03,0.0,2764.0,917.0,1815.0,11325.0,23952.0,9213.0,112869.0,41022.0,4396.0,0.0,0.0,0.0
2015-10-10,0.0,2743.0,805.0,1734.0,10784.0,26297.0,8673.0,116093.0,37654.0,4205.0,0.0,0.0,0.0
2015-10-17,0.0,2873.0,758.0,1824.0,10080.0,30464.0,9204.0,105664.0,39535.0,4630.0,0.0,0.0,0.0
2015-10-24,0.0,3041.0,770.0,1890.0,10391.0,31403.0,11110.0,125782.0,37036.0,4758.0,0.0,0.0,0.0
2015-10-31,0.0,3109.0,706.0,1864.0,11465.0,34914.0,14276.0,140349.0,61621.0,5243.0,0.0,0.0,0.0
2015-11-07,0.0,3158.0,726.0,3007.0,11253.0,38378.0,16673.0,253923.0,74730.0,5449.0,0.0,0.0,0.0
2015-11-14,0.0,3363.0,784.0,4000.0,10546.0,56957.0,19883.0,260278.0,83683.0,6282.0,0.0,0.0,0.0
2015-11-21,0.0,3400.0,727.0,5999.0,11403.0,66618.0,27376.0,320347.0,80627.0,8314.0,0.0,0.0,0.0
2015-11-28,0.0,4413.0,777.0,7994.0,13062.0,131475.0,53130.0,447444.0,215607.0,10663.0,0.0,0.0,0.0
2015-12-05,0.0,4732.0,727.0,8472.0,14146.0,107714.0,55795.0,372997.0,180910.0,10984.0,0.0,0.0,0.0
2015-12-12,0.0,5019.0,793.0,9075.0,15755.0,106181.0,63186.0,346282.0,175675.0,11985.0,0.0,0.0,0.0
2015-12-19,0.0,5170.0,629.0,9660.0,16772.0,128349.0,71229.0,375571.0,186555.0,13174.0,0.0,0.0,0.0
2015-12-26,0.0,4833.0,620.0,9207.0,18645.0,135734.0,76891.0,393990.0,193861.0,13599.0,0.0,0.0,0.0
2016-01-02,0.0,2799.0,408.0,2280.0,12869.0,53283.0,33881.0,194353.0,85453.0,7777.0,0.0,0.0,0.0
2016-01-09,0.0,2239.0,0.0,1359.0,7410.0,33853.0,10168.0,95615.0,42821.0,5723.0,0.0,0.0,0.0
2016-01-16,0.0,2037.0,0.0,1123.0,6813.0,29871.0,7777.0,91905.0,34404.0,4238.0,0.0,0.0,0.0
2016-01-23,0.0,1936.0,0.0,1024.0,6738.0,29030.0,7012.0,83195.0,32194.0,4150.0,0.0,0.0,0.0
2016-01-30,0.0,1859.0,0.0,1104.0,6821.0,29121.0,6960.0,86017.0,31783.0,3645.0,0.0,0.0,0.0
2016-02-06,0.0,1780.0,0.0,1062.0,6366.0,29481.0,7122.0,90265.0,30392.0,3595.0,0.0,0.0,0.0
2016-02-13,0.0,1737.0,0.0,1042.0,6578.0,44519.0,6910.0,89128.0,30455.0,3640.0,0.0,0.0,0.0
2016-02-20,0.0,1679.0,0.0,1052.0,6451.0,37815.0,6623.0,94078.0,29514.0,3628.0,0.0,0.0,0.0
2016-02-27,0.0,1625.0,0.0,1000.0,6560.0,32417.0,6689.0,93777.0,31964.0,3758.0,0.0,0.0,0.0
2016-03-05,0.0,1593.0,0.0,940.0,6304.0,31386.0,8140.0,88208.0,31424.0,3609.0,0.0,0.0,0.0
2016-03-12,0.0,1566.0,0.0,812.0,6112.0,29891.0,7927.0,92176.0,41605.0,3653.0,0.0,0.0,0.0
2016-03-19,0.0,1519.0,0.0,796.0,5939.0,29570.0,7457.0,90271.0,34368.0,3876.0,0.0,0.0,0.0
2016-03-26,0.0,1481.0,0.0,849.0,6387.0,35508.0,7066.0,87875.0,30286.0,3671.0,0.0,0.0,0.0
2016-04-02,0.0,1441.0,0.0,873.0,6156.0,35249.0,6789.0,83476.0,30150.0,3625.0,0.0,0.0,0.0
2016-04-09,0.0,1413.0,0.0,895.0,6205.0,33281.0,6923.0,78442.0,30245.0,3439.0,0.0,0.0,0.0
2016-04-16,0.0,1387.0,0.0,869.0,6263.0,36569.0,7026.0,76061.0,29861.0,3313.0,0.0,0.0,0.0
2016-04-23,0.0,1362.0,0.0,786.0,5816.0,34368.0,6595.0,74981.0,29056.0,3176.0,0.0,0.0,0.0
2016-04-30,0.0,1308.0,0.0,766.0,5829.0,34796.0,6701.0,79213.0,26795.0,3265.0,0.0,0.0,0.0
2016-05-07,0.0,1276.0,0.0,765.0,5577.0,33856.0,6075.0,81439.0,25246.0,3160.0,0.0,0.0,0.0
2016-05-14,0.0,1255.0,0.0,767.0,5764.0,36524.0,6157.0,90998.0,24494.0,3097.0,0.0,0.0,0.0
2016-05-21,0.0,1203.0,0.0,726.0,5862.0,34876.0,6305.0,80405.0,26476.0,2940.0,0.0,0.0,0.0
2016-05-28,0.0,1176.0,0.0,770.0,5602.0,34190.0,6369.0,91088.0,28571.0,3095.0,0.0,0.0,0.0
2016-06-04,0.0,1145.0,0.0,738.0,5447.0,33750.0,5738.0,85678.0,24490.0,2923.0,0.0,0.0,0.0
2016-06-11,0.0,1102.0,0.0,683.0,5616.0,36165.0,5888.0,85653.0,29194.0,2904.0,0.0,0.0,0.0
2016-06-18,0.0,1077.0,0.0,651.0,5548.0,35688.0,5488.0,85886.0,31768.0,2960.0,0.0,0.0,0.0
2016-06-25,0.0,1037.0,0.0,717.0,5670.0,37676.0,4958.0,92393.0,35238.0,2864.0,0.0,0.0,0.0
2016-07-02,0.0,988.0,0.0,758.0,5422.0,35699.0,4864.0,87511.0,30716.0,2928.0,0.0,0.0,0.0
2016-07-09,0.0,941.0,0.0,681.0,5265.0,35333.0,4653.0,83563.0,26810.0,2878.0,0.0,0.0,0.0
2016-07-16,0.0,887.0,0.0,732.0,5222.0,37285.0,4722.0,80263.0,25670.0,2871.0,0.0,0.0,0.0
2016-07-23,0.0,841.0,0.0,719.0,5270.0,38825.0,5007.0,79067.0,24938.0,2769.0,0.0,0.0,0.0
2016-07-30,0.0,813.0,0.0,712.0,5352.0,40480.0,4675.0,92688.0,24779.0,3080.0,0.0,0.0,0.0
2016-08-06,0.0,796.0,0.0,684.0,5106.0,38308.0,4743.0,84091.0,27938.0,2759.0,0.0,0.0,0.0
2016-08-13,0.0,760.0,0.0,690.0,5035.0,40377.0,4707.0,83432.0,28009.0,2684.0,0.0,0.0,0.0
2016-08-20,0.0,716.0,0.0,676.0,5045.0,38357.0,4498.0,86146.0,29433.0,2708.0,0.0,0.0,0.0
2016-08-27,0.0,683.0,0.0,661.0,5105.0,37443.0,4301.0,96294.0,35268.0,3017.0,0.0,0.0,0.0
2016-09-03,0.0,630.0,0.0,686.0,5104.0,36296.0,4552.0,96233.0,33471.0,3209.0,0.0,0.0,0.0
2016-09-10,0.0,599.0,0.0,706.0,5535.0,35912.0,4653.0,98323.0,31916.0,3165.0,0.0,0.0,0.0
2016-09-17,0.0,568.0,0.0,930.0,7386.0,36866.0,4741.0,112946.0,32333.0,3284.0,0.0,0.0,0.0
2016-09-24,0.0,554.0,0.0,848.0,6691.0,37048.0,5479.0,109707.0,32594.0,3535.0,0.0,0.0,0.0
2016-10-01,0.0,547.0,0.0,904.0,6575.0,43925.0,5773.0,160163.0,53901.0,3452.0,0.0,0.0,0.0
2016-10-08,0.0,553.0,0.0,828.0,5970.0,40308.0,5289.0,145707.0,49469.0,3603.0,0.0,0.0,0.0
2016-10-15,0.0,544.0,0.0,813.0,5844.0,37162.0,4746.0,135186.0,71722.0,3437.0,0.0,0.0,0.0
2016-10-22,0.0,489.0,0.0,839.0,5830.0,35938.0,4750.0,150616.0,63419.0,3559.0,0.0,0.0,0.0
2016-10-29,0.0,448.0,0.0,850.0,6136.0,35164.0,5487.0,160225.0,52997.0,3530.0,0.0,0.0,0.0
2016-11-05,0.0,497.0,0.0,898.0,6659.0,36605.0,6374.0,211779.0,72917.0,3472.0,0.0,0.0,0.0
2016-11-12,0.0,520.0,0.0,905.0,6326.0,41503.0,6550.0,319697.0,77632.0,3891.0,0.0,0.0,0.0
2016-11-19,0.0,530.0,0.0,876.0,6792.0,83682.0,8933.0,288309.0,83749.0,4604.0,0.0,0.0,0.0
2016-11-26,0.0,569.0,0.0,1520.0,8705.0,183760.0,14699.0,437556.0,137842.0,6772.0,0.0,0.0,0.0
2016-12-03,0.0,564.0,0.0,1575.0,8577.0,141261.0,18505.0,375216.0,121683.0,7105.0,0.0,0.0,0.0
2016-12-10,0.0,564.0,0.0,1649.0,9313.0,135811.0,18252.0,399273.0,134348.0,8249.0,0.0,0.0,0.0
2016-12-17,0.0,501.0,0.0,1840.0,9732.0,140209.0,19124.0,400386.0,137485.0,8678.0,0.0,0.0,0.0
2016-12-24,0.0,402.0,0.0,1720.0,9966.0,150275.0,18645.0,435062.0,154348.0,8622.0,0.0,0.0,0.0
2016-12-31,0.0,262.0,0.0,967.0,7683.0,55963.0,8646.0,209703.0,81169.0,5185.0,0.0,0.0,0.0
2017-01-07,0.0,0.0,0.0,536.0,5902.0,29520.0,2260.0,144568.0,48035.0,2908.0,0.0,0.0,0.0
2017-01-14,0.0,0.0,0.0,337.0,4448.0,25573.0,1766.0,111901.0,37397.0,2269.0,0.0,0.0,0.0
2017-01-21,0.0,0.0,0.0,334.0,4497.0,25760.0,1546.0,107639.0,35281.0,1904.0,0.0,0.0,0.0
2017-01-28,0.0,0.0,0.0,345.0,4403.0,25342.0,1419.0,107913.0,34755.0,1823.0,0.0,0.0,0.0
2017-02-04,0.0,0.0,0.0,310.0,3339.0,26366.0,1426.0,108181.0,32292.0,1802.0,0.0,0.0,0.0
2017-02-11,0.0,0.0,0.0,305.0,3381.0,28610.0,1420.0,111679.0,30362.0,1903.0,0.0,0.0,0.0
2017-02-18,0.0,0.0,0.0,310.0,3401.0,65566.0,1269.0,121731.0,30006.0,1537.0,0.0,0.0,0.0
2017-02-25,0.0,0.0,0.0,305.0,3347.0,23191.0,1395.0,126361.0,32017.0,1458.0,0.0,0.0,0.0
2017-03-04,0.0,0.0,0.0,305.0,3340.0,24577.0,1368.0,105646.0,32034.0,1494.0,439199.0,0.0,0.0
2017-03-11,0.0,0.0,0.0,302.0,3293.0,23480.0,1282.0,108947.0,29679.0,1413.0,57281.0,0.0,0.0
2017-03-18,0.0,0.0,0.0,292.0,3206.0,22847.0,1247.0,116964.0,28922.0,1418.0,52593.0,0.0,0.0
2017-03-25,0.0,0.0,0.0,304.0,3274.0,24582.0,1230.0,120673.0,28592.0,1377.0,51975.0,0.0,0.0
2017-04-01,0.0,0.0,0.0,313.0,3270.0,24785.0,1200.0,116906.0,26658.0,1310.0,59650.0,0.0,0.0
2017-04-08,0.0,0.0,0.0,298.0,3246.0,24728.0,1166.0,111800.0,26457.0,1408.0,48511.0,0.0,0.0
2017-04-15,0.0,0.0,0.0,276.0,3096.0,25715.0,1156.0,110457.0,25907.0,1330.0,46270.0,0.0,0.0
2017-04-22,0.0,0.0,0.0,255.0,3009.0,25398.0,1172.0,100731.0,25677.0,1367.0,43251.0,0.0,0.0
2017-04-29,0.0,0.0,0.0,246.0,2971.0,25945.0,1134.0,92300.0,25259.0,1295.0,63648.0,0.0,0.0
2017-05-06,0.0,0.0,0.0,240.0,2908.0,25305.0,1177.0,117362.0,25767.0,1327.0,39787.0,0.0,0.0
2017-05-13,0.0,0.0,0.0,249.0,2961.0,25425.0,1163.0,122693.0,26212.0,1347.0,37280.0,0.0,0.0
2017-05-20,0.0,0.0,0.0,260.0,2987.0,25124.0,1124.0,128289.0,26180.0,1297.0,38364.0,0.0,0.0
2017-05-27,0.0,0.0,0.0,245.0,2920.0,24459.0,1070.0,125717.0,25781.0,1241.0,38120.0,0.0,0.0
2017-06-03,0.0,0.0,0.0,238.0,2857.0,24066.0,1024.0,124182.0,25433.0,1271.0,37078.0,0.0,0.0
2017-06-10,0.0,0.0,0.0,232.0,2891.0,25605.0,990.0,106294.0,31151.0,1187.0,37289.0,0.0,0.0
2017-06-17,0.0,0.0,0.0,237.0,2833.0,24694.0,978.0,108122.0,27561.0,1208.0,54560.0,0.0,0.0
2017-06-24,0.0,0.0,0.0,221.0,2786.0,25179.0,976.0,111463.0,26844.0,1205.0,41539.0,0.0,0.0
2017-07-01,0.0,0.0,0.0,223.0,2757.0,25896.0,1008.0,103488.0,26727.0,1190.0,35831.0,0.0,0.0
2017-07-08,0.0,0.0,0.0,211.0,1761.0,25683.0,926.0,94587.0,24523.0,1061.0,34602.0,0.0,0.0
2017-07-15,0.0,0.0,0.0,200.0,1708.0,24970.0,943.0,92185.0,24883.0,992.0,34224.0,0.0,0.0
2017-07-22,0.0,0.0,0.0,202.0,1687.0,25403.0,933.0,85419.0,25194.0,969.0,44267.0,0.0,0.0
2017-07-29,0.0,0.0,0.0,194.0,1661.0,25936.0,930.0,88161.0,24525.0,1048.0,34195.0,0.0,0.0
2017-08-05,0.0,0.0,0.0,201.0,1615.0,26050.0,875.0,87079.0,24534.0,1042.0,34198.0,0.0,0.0
2017-08-12,0.0,0.0,0.0,193.0,1576.0,26104.0,960.0,87567.0,28626.0,1006.0,35030.0,0.0,0.0
2017-08-19,0.0,0.0,0.0,189.0,2089.0,25650.0,920.0,87702.0,24800.0,987.0,34328.0,0.0,0.0
2017-08-26,0.0,0.0,0.0,183.0,1570.0,25711.0,929.0,92527.0,27321.0,1060.0,35389.0,0.0,0.0
2017-09-02,0.0,0.0,0.0,164.0,1524.0,25116.0,907.0,93847.0,28812.0,1069.0,36986.0,0.0,0.0
2017-09-09,0.0,0.0,0.0,168.0,1488.0,24579.0,878.0,111115.0,38251.0,1154.0,39638.0,0.0,0.0
2017-09-16,0.0,0.0,0.0,154.0,1447.0,25476.0,864.0,97738.0,31953.0,1164.0,42130.0,0.0,0.0
2017-09-23,0.0,0.0,0.0,142.0,1405.0,26754.0,827.0,100402.0,32988.0,1054.0,42817.0,0.0,0.0
2017-09-30,0.0,0.0,0.0,142.0,1374.0,32807.0,817.0,129996.0,41872.0,1162.0,44181.0,0.0,0.0
2017-10-07,0.0,0.0,0.0,136.0,1153.0,37003.0,790.0,125554.0,40178.0,1164.0,42128.0,0.0,0.0
2017-10-14,0.0,0.0,0.0,143.0,1135.0,39649.0,786.0,127370.0,44177.0,1025.0,45067.0,0.0,0.0
2017-10-21,0.0,0.0,0.0,139.0,1100.0,41901.0,790.0,141433.0,45085.0,1230.0,45052.0,0.0,0.0
2017-10-28,0.0,0.0,0.0,138.0,1120.0,45247.0,749.0,143735.0,46631.0,1216.0,64403.0,0.0,0.0
2017-11-04,0.0,0.0,0.0,130.0,1138.0,49951.0,747.0,185280.0,53278.0,1406.0,59312.0,0.0,0.0
2017-11-11,0.0,0.0,0.0,108.0,1120.0,54310.0,749.0,223932.0,142360.0,1540.0,62778.0,0.0,0.0
2017-11-18,0.0,0.0,0.0,103.0,1142.0,67337.0,779.0,249442.0,88047.0,1493.0,73873.0,0.0,0.0
2017-11-25,0.0,0.0,0.0,116.0,1189.0,124003.0,826.0,388496.0,137964.0,1857.0,164229.0,0.0,0.0
2017-12-02,0.0,0.0,0.0,108.0,1167.0,87521.0,808.0,340496.0,114149.0,2117.0,152673.0,0.0,0.0
2017-12-09,0.0,0.0,0.0,122.0,1206.0,109620.0,821.0,338996.0,116260.0,2915.0,193363.0,0.0,0.0
2017-12-16,0.0,0.0,0.0,130.0,1229.0,123451.0,846.0,343100.0,125966.0,3454.0,238963.0,0.0,0.0
2017-12-23,0.0,0.0,0.0,136.0,1266.0,134201.0,748.0,367601.0,138600.0,3510.0,283881.0,0.0,0.0
2017-12-30,0.0,0.0,0.0,108.0,1186.0,60534.0,239.0,204483.0,66371.0,1756.0,140344.0,0.0,0.0
2018-01-06,0.0,0.0,0.0,0.0,0.0,25059.0,0.0,148631.0,38048.0,520.0,77329.0,0.0,0.0
2018-01-13,0.0,0.0,0.0,0.0,0.0,20232.0,0.0,119348.0,31036.0,415.0,61968.0,0.0,0.0
2018-01-20,0.0,0.0,0.0,0.0,0.0,19559.0,0.0,118910.0,26802.0,441.0,56898.0,0.0,0.0
2018-01-27,0.0,0.0,0.0,0.0,0.0,18731.0,0.0,125305.0,26743.0,406.0,56071.0,0.0,0.0
2018-02-03,0.0,0.0,0.0,0.0,0.0,19016.0,0.0,115595.0,25979.0,327.0,51196.0,0.0,0.0
2018-02-10,0.0,0.0,0.0,0.0,0.0,19286.0,0.0,118852.0,24321.0,306.0,51819.0,0.0,0.0
2018-02-17,0.0,0.0,0.0,0.0,0.0,18315.0,0.0,120877.0,22945.0,246.0,51933.0,0.0,0.0
2018-02-24,0.0,0.0,0.0,0.0,0.0,15091.0,0.0,119420.0,24525.0,204.0,50058.0,0.0,0.0
2018-03-03,0.0,0.0,0.0,0.0,0.0,14430.0,0.0,108813.0,24069.0,196.0,49522.0,0.0,0.0
2018-03-10,0.0,0.0,0.0,0.0,0.0,13603.0,0.0,110998.0,23734.0,185.0,48464.0,0.0,0.0
2018-03-17,0.0,0.0,0.0,0.0,0.0,13060.0,0.0,111037.0,23068.0,180.0,50033.0,0.0,0.0
2018-03-24,0.0,0.0,0.0,0.0,0.0,14381.0,0.0,109120.0,24511.0,171.0,54400.0,0.0,0.0
2018-03-31,0.0,0.0,0.0,0.0,0.0,14128.0,0.0,107795.0,21577.0,168.0,51586.0,0.0,0.0
2018-04-07,0.0,0.0,0.0,0.0,0.0,13477.0,0.0,105079.0,21585.0,161.0,49189.0,0.0,0.0
2018-04-14,0.0,0.0,0.0,0.0,0.0,13865.0,0.0,108568.0,20623.0,154.0,44134.0,0.0,0.0
2018-04-21,0.0,0.0,0.0,0.0,0.0,13067.0,0.0,120358.0,20046.0,150.0,43410.0,0.0,0.0
2018-04-28,0.0,0.0,0.0,0.0,0.0,12748.0,0.0,103166.0,21178.0,145.0,46058.0,0.0,0.0
2018-05-05,0.0,0.0,0.0,0.0,0.0,12199.0,0.0,91408.0,20321.0,133.0,45966.0,0.0,0.0
2018-05-12,0.0,0.0,0.0,0.0,0.0,12163.0,0.0,92999.0,20766.0,132.0,46272.0,0.0,0.0
2018-05-19,0.0,0.0,0.0,0.0,0.0,11820.0,0.0,95361.0,20248.0,131.0,49110.0,0.0,0.0
2018-05-26,0.0,0.0,0.0,0.0,0.0,12720.0,0.0,92964.0,20369.0,132.0,48064.0,0.0,0.0
2018-06-02,0.0,0.0,0.0,0.0,0.0,11533.0,0.0,83636.0,18998.0,119.0,46874.0,0.0,0.0
2018-06-09,0.0,0.0,0.0,0.0,0.0,12825.0,0.0,81385.0,20590.0,105.0,47433.0,0.0,0.0
2018-06-16,0.0,0.0,0.0,0.0,0.0,12589.0,0.0,81347.0,21463.0,101.0,55747.0,0.0,0.0
2018-06-23,0.0,0.0,0.0,0.0,0.0,12269.0,0.0,81764.0,19792.0,90.0,51630.0,0.0,0.0
2018-06-30,0.0,0.0,0.0,0.0,0.0,11804.0,0.0,79153.0,19523.0,91.0,50095.0,0.0,0.0
2018-07-07,0.0,0.0,0.0,0.0,0.0,12492.0,0.0,79001.0,18973.0,89.0,51258.0,0.0,0.0
2018-07-14,0.0,0.0,0.0,0.0,0.0,12819.0,0.0,83801.0,18895.0,87.0,52924.0,0.0,0.0
2018-07-21,0.0,0.0,0.0,0.0,0.0,13724.0,0.0,85105.0,19826.0,84.0,53230.0,0.0,0.0
2018-07-28,0.0,0.0,0.0,0.0,0.0,14186.0,0.0,89941.0,21331.0,74.0,47882.0,0.0,0.0
2018-08-04,0.0,0.0,0.0,0.0,0.0,13585.0,0.0,83635.0,22049.0,78.0,49578.0,0.0,0.0
2018-08-11,0.0,0.0,0.0,0.0,0.0,14145.0,0.0,85398.0,23888.0,74.0,51476.0,0.0,0.0
2018-08-18,0.0,0.0,0.0,0.0,0.0,13974.0,0.0,86890.0,25710.0,75.0,51455.0,0.0,0.0
2018-08-25,0.0,0.0,0.0,0.0,0.0,14045.0,0.0,92342.0,27259.0,77.0,51693.0,0.0,0.0
2018-09-01,0.0,0.0,0.0,0.0,0.0,12682.0,0.0,91399.0,29723.0,74.0,55077.0,0.0,0.0
2018-09-08,0.0,0.0,0.0,0.0,0.0,12553.0,0.0,125368.0,33296.0,73.0,56703.0,0.0,0.0
2018-09-15,0.0,0.0,0.0,0.0,0.0,13486.0,0.0,125772.0,36485.0,71.0,58639.0,0.0,0.0
2018-09-22,0.0,0.0,0.0,0.0,0.0,12909.0,0.0,122794.0,35559.0,76.0,59427.0,0.0,0.0
2018-09-29,0.0,0.0,0.0,0.0,0.0,14277.0,0.0,136820.0,39624.0,72.0,61250.0,0.0,0.0
2018-10-06,0.0,0.0,0.0,0.0,0.0,15656.0,0.0,125980.0,37794.0,73.0,64777.0,0.0,0.0
2018-10-13,0.0,0.0,0.0,0.0,0.0,16298.0,0.0,128167.0,42965.0,68.0,66098.0,0.0,0.0
2018-10-20,0.0,0.0,0.0,0.0,0.0,16833.0,0.0,133774.0,44019.0,67.0,66847.0,0.0,0.0
2018-10-27,0.0,0.0,0.0,0.0,0.0,19049.0,0.0,143248.0,47096.0,78.0,68010.0,0.0,0.0
2018-11-03,0.0,0.0,0.0,0.0,0.0,22217.0,0.0,167787.0,54597.0,77.0,75187.0,0.0,0.0
2018-11-10,0.0,0.0,0.0,0.0,0.0,24388.0,0.0,211112.0,62432.0,77.0,91073.0,0.0,0.0
2018-11-17,0.0,0.0,0.0,0.0,0.0,33592.0,0.0,232104.0,74306.0,92.0,126768.0,0.0,0.0
2018-11-24,0.0,0.0,0.0,0.0,0.0,80878.0,0.0,397520.0,195268.0,121.0,303275.0,0.0,0.0
2018-12-01,0.0,0.0,0.0,0.0,0.0,67516.0,0.0,323251.0,144153.0,117.0,239045.0,0.0,0.0
2018-12-08,0.0,0.0,0.0,0.0,0.0,68352.0,0.0,287629.0,129777.0,128.0,308569.0,0.0,0.0
2018-12-15,0.0,0.0,0.0,0.0,0.0,71406.0,0.0,298267.0,135722.0,128.0,331893.0,0.0,0.0
2018-12-22,0.0,0.0,0.0,0.0,0.0,77041.0,0.0,311577.0,154359.0,126.0,391193.0,0.0,0.0
2018-12-29,0.0,0.0,0.0,0.0,0.0,33207.0,0.0,178287.0,86407.0,91.0,184954.0,0.0,0.0
2019-01-05,0.0,0.0,0.0,0.0,0.0,18875.0,0.0,117139.0,32387.0,0.0,78866.0,0.0,0.0
2019-01-12,0.0,0.0,0.0,0.0,0.0,17401.0,0.0,100029.0,27601.0,0.0,65150.0,0.0,0.0
2019-01-19,0.0,0.0,0.0,0.0,0.0,16221.0,0.0,94260.0,25754.0,0.0,60320.0,0.0,0.0
2019-01-26,0.0,0.0,0.0,0.0,0.0,15096.0,0.0,95018.0,25043.0,0.0,60239.0,0.0,0.0
2019-02-02,0.0,0.0,0.0,0.0,0.0,14804.0,0.0,98147.0,24675.0,0.0,61720.0,0.0,0.0
2019-02-09,0.0,0.0,0.0,0.0,0.0,14247.0,0.0,99234.0,22099.0,0.0,57369.0,0.0,0.0
2019-02-16,0.0,0.0,0.0,0.0,0.0,13774.0,0.0,98047.0,22291.0,0.0,55063.0,0.0,0.0
2019-02-23,0.0,0.0,0.0,0.0,0.0,12796.0,0.0,93818.0,21793.0,0.0,56309.0,0.0,0.0
2019-03-02,0.0,0.0,0.0,0.0,0.0,12282.0,0.0,91458.0,20827.0,0.0,57541.0,0.0,0.0
2019-03-09,0.0,0.0,0.0,0.0,0.0,11886.0,0.0,84630.0,21612.0,0.0,56302.0,0.0,0.0
2019-03-16,0.0,0.0,0.0,0.0,0.0,11699.0,0.0,83021.0,20401.0,0.0,54150.0,0.0,0.0
2019-03-23,0.0,0.0,0.0,0.0,0.0,12064.0,0.0,82380.0,20179.0,0.0,57253.0,0.0,0.0
2019-03-30,0.0,0.0,0.0,0.0,0.0,11701.0,0.0,81302.0,19779.0,0.0,62371.0,0.0,0.0
2019-04-06,0.0,0.0,0.0,0.0,0.0,11396.0,0.0,86062.0,19338.0,0.0,54255.0,0.0,0.0
2019-04-13,0.0,0.0,0.0,0.0,0.0,10603.0,0.0,96185.0,19801.0,0.0,51273.0,0.0,0.0
2019-04-20,0.0,0.0,0.0,0.0,0.0,9880.0,0.0,98099.0,18341.0,0.0,52115.0,0.0,0.0
2019-04-27,0.0,0.0,0.0,0.0,0.0,9628.0,0.0,89921.0,18288.0,0.0,50260.0,0.0,0.0
2019-05-04,0.0,0.0,0.0,0.0,0.0,9347.0,0.0,83526.0,18022.0,0.0,49967.0,0.0,0.0
2019-05-11,0.0,0.0,0.0,0.0,0.0,9093.0,0.0,88351.0,17448.0,0.0,54627.0,0.0,0.0
2019-05-18,0.0,0.0,0.0,0.0,0.0,8840.0,0.0,86366.0,17275.0,0.0,50027.0,0.0,0.0
2019-05-25,0.0,0.0,0.0,0.0,0.0,8207.0,0.0,88940.0,17144.0,0.0,52728.0,0.0,0.0
2019-06-01,0.0,0.0,0.0,0.0,0.0,7415.0,0.0,88953.0,16275.0,0.0,48010.0,0.0,0.0
2019-06-08,0.0,0.0,0.0,0.0,0.0,7496.0,0.0,86101.0,16940.0,0.0,48698.0,0.0,0.0
2019-06-15,0.0,0.0,0.0,0.0,0.0,7278.0,0.0,85185.0,17552.0,0.0,52232.0,0.0,0.0
2019-06-22,0.0,0.0,0.0,0.0,0.0,7189.0,0.0,79777.0,17817.0,0.0,56026.0,0.0,0.0
2019-06-29,0.0,0.0,0.0,0.0,0.0,7103.0,0.0,80936.0,14935.0,0.0,72344.0,0.0,0.0
2019-07-06,0.0,0.0,0.0,0.0,0.0,7259.0,0.0,77574.0,14795.0,0.0,66134.0,0.0,0.0
2019-07-13,0.0,0.0,0.0,0.0,0.0,6149.0,0.0,70004.0,14624.0,0.0,62048.0,0.0,0.0
2019-07-20,0.0,0.0,0.0,0.0,0.0,6356.0,0.0,73146.0,15390.0,0.0,59057.0,0.0,0.0
2019-07-27,0.0,0.0,0.0,0.0,0.0,6208.0,0.0,71931.0,14369.0,0.0,55150.0,0.0,0.0
2019-08-03,0.0,0.0,0.0,0.0,0.0,5959.0,0.0,68946.0,14617.0,0.0,56629.0,0.0,0.0
2019-08-10,0.0,0.0,0.0,0.0,0.0,5740.0,0.0,69717.0,14356.0,0.0,55882.0,0.0,0.0
2019-08-17,0.0,0.0,0.0,0.0,0.0,5061.0,0.0,67997.0,13931.0,0.0,59725.0,0.0,0.0
2019-08-24,0.0,0.0,0.0,0.0,0.0,4907.0,0.0,68725.0,15157.0,0.0,63672.0,0.0,0.0
2019-08-31,0.0,0.0,0.0,0.0,0.0,4650.0,0.0,72368.0,15621.0,0.0,68905.0,0.0,0.0
2019-09-07,0.0,0.0,0.0,0.0,0.0,4395.0,0.0,78214.0,17705.0,0.0,71805.0,0.0,0.0
2019-09-14,0.0,0.0,0.0,0.0,0.0,4244.0,0.0,80138.0,19489.0,0.0,71491.0,0.0,0.0
2019-09-21,0.0,0.0,0.0,0.0,0.0,3992.0,0.0,70916.0,19188.0,0.0,139778.0,0.0,0.0
2019-09-28,0.0,0.0,0.0,0.0,0.0,4163.0,0.0,85393.0,22659.0,0.0,93208.0,0.0,0.0
2019-10-05,0.0,0.0,0.0,0.0,0.0,3984.0,0.0,84087.0,22929.0,0.0,90677.0,0.0,0.0
2019-10-12,0.0,0.0,0.0,0.0,0.0,4073.0,0.0,91268.0,26965.0,0.0,88271.0,0.0,0.0
2019-10-19,0.0,0.0,0.0,0.0,0.0,3864.0,0.0,89746.0,25849.0,0.0,86437.0,0.0,0.0
2019-10-26,0.0,0.0,0.0,0.0,0.0,5073.0,0.0,93139.0,27920.0,0.0,94602.0,0.0,0.0
2019-11-02,0.0,0.0,0.0,0.0,0.0,5341.0,0.0,99821.0,29744.0,0.0,99654.0,0.0,0.0
2019-11-09,0.0,0.0,0.0,0.0,0.0,6444.0,0.0,108864.0,34759.0,0.0,125296.0,0.0,0.0
2019-11-16,0.0,0.0,0.0,0.0,0.0,8478.0,0.0,119536.0,39751.0,0.0,158054.0,0.0,0.0
2019-11-23,0.0,0.0,0.0,0.0,0.0,16447.0,0.0,141748.0,64368.0,0.0,184297.0,0.0,0.0
2019-11-30,0.0,0.0,0.0,0.0,0.0,34912.0,0.0,286429.0,177492.0,0.0,566904.0,0.0,0.0
2019-12-07,0.0,0.0,0.0,0.0,0.0,32879.0,0.0,178006.0,94024.0,0.0,329437.0,0.0,0.0
2019-12-14,0.0,0.0,0.0,0.0,0.0,32507.0,0.0,163279.0,99173.0,0.0,334508.0,0.0,0.0
2019-12-21,0.0,0.0,0.0,0.0,0.0,32587.0,0.0,242493.0,112441.0,0.0,386790.0,0.0,0.0
2019-12-28,0.0,0.0,0.0,0.0,0.0,11674.0,0.0,126528.0,59285.0,0.0,180997.0,0.0,0.0
2020-01-04,0.0,0.0,0.0,0.0,0.0,4765.0,0.0,69345.0,24722.0,0.0,69816.0,0.0,0.0
2020-01-11,0.0,0.0,0.0,0.0,0.0,4195.0,0.0,56589.0,19268.0,0.0,57561.0,0.0,0.0
2020-01-18,0.0,0.0,0.0,0.0,0.0,4267.0,0.0,50119.0,17602.0,0.0,55784.0,0.0,0.0
2020-01-25,0.0,0.0,0.0,0.0,0.0,4049.0,0.0,51489.0,15536.0,0.0,55744.0,0.0,0.0
2020-02-01,0.0,0.0,0.0,0.0,0.0,3859.0,0.0,49984.0,13422.0,0.0,56003.0,0.0,0.0
2020-02-08,0.0,0.0,0.0,0.0,0.0,3895.0,0.0,50927.0,11936.0,0.0,54238.0,0.0,0.0
2020-02-15,0.0,0.0,0.0,0.0,0.0,3888.0,0.0,60091.0,11905.0,0.0,51244.0,0.0,0.0
2020-02-22,0.0,0.0,0.0,0.0,0.0,3352.0,0.0,52258.0,11309.0,0.0,52556.0,0.0,0.0
2020-02-29,0.0,0.0,0.0,0.0,0.0,3316.0,0.0,56662.0,12427.0,0.0,54808.0,0.0,0.0
2020-03-07,0.0,0.0,0.0,0.0,0.0,3469.0,0.0,65542.0,17779.0,0.0,71361.0,0.0,0.0
2020-03-14,0.0,0.0,0.0,0.0,0.0,3457.0,0.0,84750.0,27845.0,0.0,84946.0,0.0,0.0
2020-03-21,0.0,0.0,0.0,0.0,0.0,3518.0,0.0,102132.0,31728.0,0.0,165891.0,0.0,0.0
2020-03-28,0.0,0.0,0.0,0.0,0.0,3407.0,0.0,107150.0,34170.0,0.0,146198.0,0.0,0.0
2020-04-04,0.0,0.0,0.0,0.0,0.0,3389.0,0.0,107057.0,33953.0,0.0,143605.0,0.0,0.0
2020-04-11,0.0,0.0,0.0,0.0,0.0,3274.0,0.0,129053.0,34222.0,0.0,210427.0,0.0,0.0
2020-04-18,0.0,0.0,0.0,0.0,0.0,3363.0,0.0,109188.0,32638.0,0.0,132579.0,0.0,0.0
2020-04-25,0.0,0.0,0.0,0.0,0.0,3228.0,0.0,101976.0,31663.0,0.0,126988.0,0.0,0.0
2020-05-02,0.0,0.0,0.0,0.0,0.0,3194.0,0.0,88883.0,30100.0,0.0,121555.0,0.0,0.0
2020-05-09,0.0,0.0,0.0,0.0,0.0,2989.0,0.0,81813.0,26206.0,0.0,109883.0,0.0,0.0
2020-05-16,0.0,0.0,0.0,0.0,0.0,2910.0,0.0,78644.0,26489.0,0.0,113201.0,0.0,0.0
2020-05-23,0.0,0.0,0.0,0.0,0.0,2886.0,0.0,75227.0,23335.0,0.0,110366.0,0.0,0.0
2020-05-30,0.0,0.0,0.0,0.0,0.0,2797.0,0.0,74644.0,21147.0,0.0,109298.0,0.0,0.0
2020-06-06,0.0,0.0,0.0,0.0,0.0,2744.0,0.0,71462.0,20536.0,0.0,105427.0,0.0,0.0
2020-06-13,0.0,0.0,0.0,0.0,0.0,2673.0,0.0,69389.0,18798.0,0.0,99717.0,0.0,0.0
2020-06-20,0.0,0.0,0.0,0.0,0.0,2524.0,0.0,74214.0,18643.0,0.0,91347.0,0.0,0.0
2020-06-27,0.0,0.0,0.0,0.0,0.0,2480.0,0.0,65981.0,15655.0,0.0,101416.0,0.0,0.0
2020-07-04,0.0,0.0,0.0,0.0,0.0,2372.0,0.0,58015.0,14294.0,0.0,98388.0,0.0,0.0
2020-07-11,0.0,0.0,0.0,0.0,0.0,2386.0,0.0,52945.0,13906.0,0.0,94929.0,0.0,0.0
2020-07-18,0.0,0.0,0.0,0.0,0.0,2409.0,0.0,52058.0,12721.0,0.0,102210.0,0.0,0.0
2020-07-25,0.0,0.0,0.0,0.0,0.0,2345.0,0.0,46570.0,10932.0,0.0,120932.0,0.0,0.0
2020-08-01,0.0,0.0,0.0,0.0,0.0,2140.0,0.0,45771.0,10330.0,0.0,88241.0,0.0,0.0
2020-08-08,0.0,0.0,0.0,0.0,0.0,2002.0,0.0,44291.0,9878.0,0.0,85668.0,0.0,0.0
2020-08-15,0.0,0.0,0.0,0.0,0.0,1884.0,0.0,42868.0,8503.0,0.0,82455.0,0.0,0.0
2020-08-22,0.0,0.0,0.0,0.0,0.0,1940.0,0.0,43225.0,8620.0,0.0,82871.0,0.0,0.0
2020-08-29,0.0,0.0,0.0,0.0,0.0,1794.0,0.0,44050.0,8531.0,0.0,86100.0,0.0,0.0
2020-09-05,0.0,0.0,0.0,0.0,0.0,1709.0,0.0,45559.0,8178.0,0.0,88780.0,0.0,0.0
2020-09-12,0.0,0.0,0.0,0.0,0.0,1542.0,0.0,45861.0,8601.0,0.0,95864.0,0.0,0.0
2020-09-19,0.0,0.0,0.0,0.0,0.0,2569.0,0.0,45593.0,8123.0,0.0,124150.0,0.0,0.0
2020-09-26,0.0,0.0,0.0,0.0,0.0,1992.0,0.0,46650.0,8634.0,0.0,106321.0,0.0,0.0
2020-10-03,0.0,0.0,0.0,0.0,0.0,1817.0,0.0,42174.0,8026.0,0.0,104013.0,0.0,0.0
2020-10-10,0.0,0.0,0.0,0.0,0.0,1468.0,0.0,36669.0,8399.0,0.0,114756.0,0.0,0.0
2020-10-17,0.0,0.0,0.0,0.0,0.0,1366.0,0.0,38014.0,8133.0,0.0,117152.0,0.0,0.0
2020-10-24,0.0,0.0,0.0,0.0,0.0,1315.0,0.0,36925.0,9647.0,0.0,131510.0,0.0,0.0
2020-10-31,0.0,0.0,0.0,0.0,0.0,1358.0,0.0,39928.0,10682.0,0.0,131007.0,0.0,0.0
2020-11-07,0.0,0.0,0.0,0.0,0.0,1267.0,0.0,43038.0,10489.0,0.0,149804.0,0.0,0.0
2020-11-14,0.0,0.0,0.0,0.0,0.0,1286.0,0.0,42480.0,10140.0,0.0,166851.0,342697.0,0.0
2020-11-21,0.0,0.0,0.0,0.0,0.0,3072.0,0.0,47798.0,13019.0,0.0,183415.0,74273.0,785187.0
2020-11-28,0.0,0.0,0.0,0.0,0.0,3057.0,0.0,60548.0,25809.0,0.0,504711.0,67708.0,111990.0
2020-12-05,0.0,0.0,0.0,0.0,0.0,2961.0,0.0,56395.0,24464.0,0.0,342474.0,66052.0,101412.0
2020-12-12,0.0,0.0,0.0,0.0,0.0,3009.0,0.0,53915.0,24787.0,0.0,340182.0,66207.0,100713.0
2020-12-19,0.0,0.0,0.0,0.0,0.0,3141.0,0.0,59191.0,27347.0,0.0,366717.0,74564.0,99426.0
2020-12-26,0.0,0.0,0.0,0.0,0.0,2573.0,0.0,56449.0,25782.0,0.0,277197.0,69449.0,92073.0
2021-01-02,0.0,0.0,0.0,0.0,0.0,1440.0,0.0,38667.0,9896.0,0.0,134521.0,47453.0,68013.0
2021-01-09,0.0,0.0,0.0,0.0,0.0,273.0,0.0,36840.0,1058.0,0.0,93841.0,24393.0,54953.0
2021-01-16,0.0,0.0,0.0,0.0,0.0,246.0,0.0,31994.0,1016.0,0.0,73286.0,21390.0,52379.0
2021-01-23,0.0,0.0,0.0,0.0,0.0,223.0,0.0,29006.0,792.0,0.0,69643.0,22164.0,72777.0
2021-01-30,0.0,0.0,0.0,0.0,0.0,222.0,0.0,28825.0,780.0,0.0,67280.0,22228.0,67033.0
2021-02-06,0.0,0.0,0.0,0.0,0.0,228.0,0.0,29256.0,784.0,0.0,66816.0,17426.0,75279.0
2021-02-13,0.0,0.0,0.0,0.0,0.0,204.0,0.0,27617.0,833.0,0.0,83926.0,18505.0,87234.0
2021-02-20,0.0,0.0,0.0,0.0,0.0,186.0,0.0,28654.0,701.0,0.0,75939.0,19102.0,99403.0
2021-02-27,0.0,0.0,0.0,0.0,0.0,166.0,0.0,28363.0,686.0,0.0,78017.0,18399.0,93185.0
2021-03-06,0.0,0.0,0.0,0.0,0.0,171.0,0.0,28743.0,619.0,0.0,83044.0,31978.0,95969.0
2021-03-13,0.0,0.0,0.0,0.0,0.0,168.0,0.0,27327.0,668.0,0.0,84508.0,34144.0,96786.0
2021-03-20,0.0,0.0,0.0,0.0,0.0,147.0,0.0,25542.0,623.0,0.0,95729.0,34637.0,111254.0
2021-03-27,0.0,0.0,0.0,0.0,0.0,163.0,0.0,24781.0,604.0,0.0,114999.0,32411.0,97254.0
2021-04-03,0.0,0.0,0.0,0.0,0.0,142.0,0.0,25676.0,630.0,0.0,105957.0,31358.0,86350.0
2021-04-10,0.0,0.0,0.0,0.0,0.0,126.0,0.0,26971.0,701.0,0.0,81890.0,19802.0,53039.0
2021-04-17,0.0,0.0,0.0,0.0,0.0,123.0,0.0,25335.0,626.0,0.0,76198.0,19162.0,50890.0
2021-04-24,0.0,0.0,0.0,0.0,0.0,116.0,0.0,21401.0,606.0,0.0,69462.0,19362.0,50055.0
2021-05-01,0.0,0.0,0.0,0.0,0.0,87.0,0.0,20679.0,659.0,0.0,77556.0,24832.0,49267.0
2021-05-08,0.0,0.0,0.0,0.0,0.0,103.0,0.0,22599.0,646.0,0.0,79847.0,31999.0,50254.0
2021-05-15,0.0,0.0,0.0,0.0,0.0,88.0,0.0,21442.0,599.0,0.0,78191.0,32373.0,67781.0
2021-05-22,0.0,0.0,0.0,0.0,0.0,77.0,0.0,20535.0,663.0,0.0,78431.0,34942.0,62886.0
2021-05-29,0.0,0.0,0.0,0.0,0.0,80.0,0.0,18581.0,617.0,0.0,77623.0,38111.0,85734.0
2021-06-05,0.0,0.0,0.0,0.0,0.0,83.0,0.0,16690.0,578.0,0.0,80582.0,40429.0,70952.0
2021-06-12,0.0,0.0,0.0,0.0,0.0,79.0,0.0,17645.0,630.0,0.0,85376.0,37716.0,68492.0
2021-06-19,0.0,0.0,0.0,0.0,0.0,73.0,0.0,15701.0,578.0,0.0,88153.0,39594.0,76626.0
2021-06-26,0.0,0.0,0.0,0.0,0.0,65.0,0.0,14745.0,601.0,0.0,90405.0,39117.0,80865.0
2021-07-03,0.0,0.0,0.0,0.0,0.0,58.0,0.0,13675.0,598.0,0.0,85702.0,40390.0,83976.0
2021-07-10,0.0,0.0,0.0,0.0,0.0,0.0,0.0,11096.0,595.0,0.0,81952.0,34182.0,95720.0
2021-07-17,0.0,0.0,0.0,0.0,0.0,0.0,0.0,9970.0,539.0,0.0,80691.0,32243.0,93410.0
2021-07-24,0.0,0.0,0.0,0.0,0.0,0.0,0.0,10781.0,601.0,0.0,65104.0,37002.0,100716.0
2021-07-31,0.0,0.0,0.0,0.0,0.0,0.0,0.0,10836.0,518.0,0.0,74793.0,38413.0,108487.0
2021-08-07,0.0,0.0,0.0,0.0,0.0,0.0,0.0,10280.0,580.0,0.0,72299.0,38550.0,89442.0
2021-08-14,0.0,0.0,0.0,0.0,0.0,0.0,0.0,8913.0,533.0,0.0,72857.0,39076.0,96487.0
2021-08-21,0.0,0.0,0.0,0.0,0.0,0.0,0.0,9076.0,557.0,0.0,70317.0,35423.0,102184.0
2021-08-28,0.0,0.0,0.0,0.0,0.0,0.0,0.0,9198.0,530.0,0.0,72640.0,36999.0,100598.0
2021-09-04,0.0,0.0,0.0,0.0,0.0,0.0,0.0,9780.0,512.0,0.0,78403.0,42261.0,103340.0
2021-09-11,0.0,0.0,0.0,0.0,0.0,0.0,0.0,10829.0,542.0,0.0,80101.0,49444.0,102704.0
2021-09-18,0.0,0.0,0.0,0.0,0.0,0.0,0.0,10347.0,515.0,0.0,85670.0,49068.0,108075.0
2021-09-25,0.0,0.0,0.0,0.0,0.0,0.0,0.0,8640.0,535.0,0.0,75793.0,49788.0,102806.0
2021-10-02,0.0,0.0,0.0,0.0,0.0,0.0,0.0,9316.0,511.0,0.0,75428.0,50990.0,105270.0
2021-10-09,0.0,0.0,0.0,0.0,0.0,0.0,0.0,11207.0,541.0,0.0,229892.0,47617.0,97570.0
2021-10-16,0.0,0.0,0.0,0.0,0.0,0.0,0.0,11463.0,495.0,0.0,102817.0,50936.0,90437.0
2021-10-23,0.0,0.0,0.0,0.0,0.0,0.0,0.0,11175.0,458.0,0.0,118657.0,51843.0,91082.0
2021-10-30,0.0,0.0,0.0,0.0,0.0,0.0,0.0,10302.0,522.0,0.0,127244.0,57541.0,88976.0
2021-11-06,0.0,0.0,0.0,0.0,0.0,0.0,0.0,10664.0,525.0,0.0,151303.0,61206.0,80380.0
2021-11-13,0.0,0.0,0.0,0.0,0.0,0.0,0.0,11515.0,436.0,0.0,170243.0,62730.0,78106.0
2021-11-20,0.0,0.0,0.0,0.0,0.0,0.0,0.0,9613.0,461.0,0.0,191494.0,70212.0,104754.0
2021-11-27,0.0,0.0,0.0,0.0,0.0,0.0,0.0,11477.0,481.0,0.0,519772.0,121931.0,114982.0
2021-12-04,0.0,0.0,0.0,0.0,0.0,0.0,0.0,10331.0,463.0,0.0,331967.0,103817.0,124745.0
2021-12-11,0.0,0.0,0.0,0.0,0.0,0.0,0.0,10413.0,475.0,0.0,309793.0,110321.0,128714.0
2021-12-18,0.0,0.0,0.0,0.0,0.0,0.0,0.0,11091.0,446.0,0.0,324311.0,118450.0,156468.0
2021-12-25,0.0,0.0,0.0,0.0,0.0,0.0,0.0,10311.0,501.0,0.0,317229.0,121655.0,174732.0
2022-01-01,0.0,0.0,0.0,0.0,0.0,0.0,0.0,7624.0,502.0,0.0,145195.0,75748.0,119460.0
2022-01-08,0.0,0.0,0.0,0.0,0.0,0.0,0.0,409.0,62.0,0.0,119049.0,40643.0,52874.0
2022-01-15,0.0,0.0,0.0,0.0,0.0,0.0,0.0,376.0,55.0,0.0,84729.0,31936.0,36020.0
2022-01-22,0.0,0.0,0.0,0.0,0.0,0.0,0.0,372.0,55.0,0.0,81609.0,30606.0,36776.0
2022-01-29,0.0,0.0,0.0,0.0,0.0,0.0,0.0,411.0,44.0,0.0,80289.0,31395.0,32560.0
2022-02-05,0.0,0.0,0.0,0.0,0.0,0.0,0.0,387.0,39.0,0.0,68387.0,27110.0,31127.0
2022-02-12,0.0,0.0,0.0,0.0,0.0,0.0,0.0,401.0,36.0,0.0,65894.0,25518.0,25747.0
2022-02-19,0.0,0.0,0.0,0.0,0.0,0.0,0.0,340.0,33.0,0.0,63832.0,25794.0,24135.0
2022-02-26,0.0,0.0,0.0,0.0,0.0,0.0,0.0,375.0,34.0,0.0,67815.0,28596.0,23050.0
2022-03-05,0.0,0.0,0.0,0.0,0.0,0.0,0.0,404.0,33.0,0.0,70214.0,27916.0,16600.0
2022-03-12,0.0,0.0,0.0,0.0,0.0,0.0,0.0,358.0,37.0,0.0,69063.0,31996.0,20128.0
2022-03-19,0.0,0.0,0.0,0.0,0.0,0.0,0.0,321.0,44.0,0.0,68571.0,39283.0,26791.0
2022-03-26,0.0,0.0,0.0,0.0,0.0,0.0,0.0,343.0,38.0,0.0,70486.0,45293.0,33251.0
2022-04-02,0.0,0.0,0.0,0.0,0.0,0.0,0.0,381.0,40.0,0.0,69866.0,36722.0,51073.0
2022-04-09,0.0,0.0,0.0,0.0,0.0,0.0,0.0,368.0,30.0,0.0,68159.0,18694.0,33422.0
2022-04-16,0.0,0.0,0.0,0.0,0.0,0.0,0.0,338.0,29.0,0.0,63752.0,19767.0,44703.0
2022-04-23,0.0,0.0,0.0,0.0,0.0,0.0,0.0,328.0,34.0,0.0,65962.0,25293.0,53578.0
2022-04-30,0.0,0.0,0.0,0.0,0.0,0.0,0.0,398.0,36.0,0.0,64600.0,23647.0,74682.0
2022-05-07,0.0,0.0,0.0,0.0,0.0,0.0,0.0,364.0,25.0,0.0,73211.0,31445.0,56081.0
2022-05-14,0.0,0.0,0.0,0.0,0.0,0.0,0.0,291.0,24.0,0.0,69607.0,34020.0,50860.0
2022-05-21,0.0,0.0,0.0,0.0,0.0,0.0,0.0,334.0,19.0,0.0,68962.0,40001.0,53712.0
2022-05-28,0.0,0.0,0.0,0.0,0.0,0.0,0.0,370.0,18.0,0.0,67349.0,38101.0,54024.0
2022-06-04,0.0,0.0,0.0,0.0,0.0,0.0,0.0,358.0,17.0,0.0,65285.0,37626.0,47396.0
2022-06-11,0.0,0.0,0.0,0.0,0.0,0.0,0.0,337.0,16.0,0.0,67779.0,37899.0,58469.0
2022-06-18,0.0,0.0,0.0,0.0,0.0,0.0,0.0,272.0,16.0,0.0,70583.0,38054.0,51428.0
2022-06-25,0.0,0.0,0.0,0.0,0.0,0.0,0.0,316.0,14.0,0.0,71526.0,42269.0,59430.0
2022-07-02,0.0,0.0,0.0,0.0,0.0,0.0,0.0,291.0,14.0,0.0,74674.0,41545.0,59249.0
2022-07-09,0.0,0.0,0.0,0.0,0.0,0.0,0.0,267.0,13.0,0.0,62039.0,33842.0,59716.0
2022-07-16,0.0,0.0,0.0,0.0,0.0,0.0,0.0,329.0,16.0,0.0,63837.0,34666.0,55764.0
2022-07-23,0.0,0.0,0.0,0.0,0.0,0.0,0.0,285.0,14.0,0.0,63851.0,35836.0,56632.0
2022-07-30,0.0,0.0,0.0,0.0,0.0,0.0,0.0,265.0,14.0,0.0,67697.0,39243.0,68629.0
2022-08-06,0.0,0.0,0.0,0.0,0.0,0.0,0.0,293.0,16.0,0.0,65571.0,32974.0,68168.0
2022-08-13,0.0,0.0,0.0,0.0,0.0,0.0,0.0,219.0,14.0,0.0,69934.0,32730.0,63917.0
2022-08-20,0.0,0.0,0.0,0.0,0.0,0.0,0.0,219.0,14.0,0.0,63443.0,35349.0,65092.0
2022-08-27,0.0,0.0,0.0,0.0,0.0,0.0,0.0,189.0,14.0,0.0,67882.0,37947.0,69086.0
2022-09-03,0.0,0.0,0.0,0.0,0.0,0.0,0.0,171.0,17.0,0.0,62454.0,43219.0,68003.0
2022-09-10,0.0,0.0,0.0,0.0,0.0,0.0,0.0,165.0,14.0,0.0,64925.0,43565.0,69385.0
2022-09-17,0.0,0.0,0.0,0.0,0.0,0.0,0.0,186.0,11.0,0.0,59397.0,44647.0,61778.0
2022-09-24,0.0,0.0,0.0,0.0,0.0,0.0,0.0,193.0,12.0,0.0,57360.0,48610.0,60867.0
2022-10-01,0.0,0.0,0.0,0.0,0.0,0.0,0.0,194.0,11.0,0.0,58411.0,48748.0,69667.0
2022-10-08,0.0,0.0,0.0,0.0,0.0,0.0,0.0,193.0,10.0,0.0,67138.0,47427.0,71933.0
2022-10-15,0.0,0.0,0.0,0.0,0.0,0.0,0.0,200.0,10.0,0.0,71264.0,48561.0,73111.0
2022-10-22,0.0,0.0,0.0,0.0,0.0,0.0,0.0,200.0,9.0,0.0,75398.0,48718.0,67659.0
2022-10-29,0.0,0.0,0.0,0.0,0.0,0.0,0.0,192.0,8.0,0.0,79137.0,51899.0,92494.0
2022-11-05,0.0,0.0,0.0,0.0,0.0,0.0,0.0,217.0,9.0,0.0,108701.0,43399.0,71357.0
2022-11-12,0.0,0.0,0.0,0.0,0.0,0.0,0.0,240.0,8.0,0.0,105135.0,45468.0,115413.0
2022-11-19,0.0,0.0,0.0,0.0,0.0,0.0,0.0,285.0,8.0,0.0,147018.0,54339.0,97757.0
2022-11-26,0.0,0.0,0.0,0.0,0.0,0.0,0.0,317.0,8.0,0.0,403946.0,132894.0,161616.0
2022-12-03,0.0,0.0,0.0,0.0,0.0,0.0,0.0,278.0,8.0,0.0,273898.0,91904.0,147348.0
2022-12-10,0.0,0.0,0.0,0.0,0.0,0.0,0.0,288.0,8.0,0.0,257105.0,79925.0,161938.0
2022-12-17,0.0,0.0,0.0,0.0,0.0,0.0,0.0,378.0,8.0,0.0,252240.0,90272.0,167859.0
2022-12-24,0.0,0.0,0.0,0.0,0.0,0.0,0.0,335.0,8.0,0.0,286324.0,103887.0,172875.0
2022-12-31,0.0,0.0,0.0,0.0,0.0,0.0,0.0,251.0,8.0,0.0,135261.0,60459.0,99109.0
2023-01-07,0.0,0.0,0.0,0.0,0.0,0.0,0.0,890.0,0.0,0.0,119606.0,30056.0,118300.0
2023-01-14,0.0,0.0,0.0,0.0,0.0,0.0,0.0,822.0,0.0,0.0,75995.0,23601.0,88436.0
2023-01-21,0.0,0.0,0.0,0.0,0.0,0.0,0.0,771.0,0.0,0.0,72551.0,24165.0,97153.0
2023-01-28,0.0,0.0,0.0,0.0,0.0,0.0,0.0,783.0,0.0,0.0,73674.0,27855.0,103701.0
2023-02-04,0.0,0.0,0.0,0.0,0.0,0.0,0.0,1321.0,0.0,0.0,53338.0,25428.0,110749.0
2023-02-11,0.0,0.0,0.0,0.0,0.0,0.0,0.0,2689.0,0.0,0.0,51547.0,36817.0,144323.0
2023-02-18,0.0,0.0,0.0,0.0,0.0,0.0,0.0,1406.0,0.0,0.0,51893.0,30539.0,116843.0
2023-02-25,0.0,0.0,0.0,0.0,0.0,0.0,0.0,1101.0,0.0,0.0,51029.0,31090.0,110221.0
2023-03-04,0.0,0.0,0.0,0.0,0.0,0.0,0.0,1844.0,0.0,0.0,53582.0,20316.0,119591.0
2023-03-11,0.0,0.0,0.0,0.0,0.0,0.0,0.0,1002.0,0.0,0.0,54371.0,21037.0,122037.0
2023-03-18,0.0,0.0,0.0,0.0,0.0,0.0,0.0,1066.0,0.0,0.0,55488.0,21528.0,117770.0
2023-03-25,0.0,0.0,0.0,0.0,0.0,0.0,0.0,1034.0,0.0,0.0,58337.0,26349.0,128854.0
2023-04-01,0.0,0.0,0.0,0.0,0.0,0.0,0.0,960.0,0.0,0.0,56468.0,24213.0,111833.0
2023-04-08,0.0,0.0,0.0,0.0,0.0,0.0,0.0,915.0,0.0,0.0,66415.0,23156.0,107200.0
2023-04-15,0.0,0.0,0.0,0.0,0.0,0.0,0.0,933.0,0.0,0.0,65832.0,24381.0,107021.0
2023-04-22,0.0,0.0,0.0,0.0,0.0,0.0,0.0,951.0,0.0,0.0,67795.0,25232.0,108060.0
2023-04-29,0.0,0.0,0.0,0.0,0.0,0.0,0.0,1140.0,0.0,0.0,135315.0,29037.0,125068.0
2023-05-06,0.0,0.0,0.0,0.0,0.0,0.0,0.0,1259.0,0.0,0.0,96709.0,25513.0,90490.0
2023-05-13,0.0,0.0,0.0,0.0,0.0,0.0,0.0,1233.0,0.0,0.0,111090.0,25990.0,88314.0
2023-05-20,0.0,0.0,0.0,0.0,0.0,0.0,0.0,1206.0,0.0,0.0,87318.0,25504.0,84266.0
2023-05-27,0.0,0.0,0.0,0.0,0.0,0.0,0.0,1074.0,0.0,0.0,79241.0,29546.0,81105.0
2023-06-03,0.0,0.0,0.0,0.0,0.0,0.0,0.0,1061.0,0.0,0.0,72642.0,26880.0,82764.0
2023-06-10,0.0,0.0,0.0,0.0,0.0,0.0,0.0,1010.0,0.0,0.0,64416.0,32431.0,83517.0
2023-06-17,0.0,0.0,0.0,0.0,0.0,0.0,0.0,1128.0,0.0,0.0,59427.0,33835.0,77740.0
2023-06-24,0.0,0.0,0.0,0.0,0.0,0.0,0.0,1046.0,0.0,0.0,60867.0,35259.0,83811.0
2023-07-01,0.0,0.0,0.0,0.0,0.0,0.0,0.0,1017.0,0.0,0.0,73013.0,32804.0,106545.0
2023-07-08,0.0,0.0,0.0,0.0,0.0,0.0,0.0,1903.0,0.0,0.0,57083.0,26149.0,145296.0
2023-07-15,0.0,0.0,0.0,0.0,0.0,0.0,0.0,1702.0,0.0,0.0,55795.0,30782.0,149227.0
2023-07-22,0.0,0.0,0.0,0.0,0.0,0.0,0.0,1512.0,0.0,0.0,52722.0,28836.0,104837.0
2023-07-29,0.0,0.0,0.0,0.0,0.0,0.0,0.0,1283.0,0.0,0.0,53046.0,30567.0,135372.0
2023-08-05,0.0,0.0,0.0,0.0,0.0,0.0,0.0,1491.0,0.0,0.0,60239.0,28794.0,163666.0
2023-08-12,0.0,0.0,0.0,0.0,0.0,0.0,0.0,1756.0,0.0,0.0,59884.0,29855.0,147516.0
2023-08-19,0.0,0.0,0.0,0.0,0.0,0.0,0.0,1513.0,0.0,0.0,59823.0,30869.0,144412.0
2023-08-26,0.0,0.0,0.0,0.0,0.0,0.0,0.0,1411.0,0.0,0.0,63171.0,34414.0,162463.0
2023-09-02,0.0,0.0,0.0,0.0,0.0,0.0,0.0,1325.0,0.0,0.0,38992.0,39592.0,143550.0
2023-09-09,0.0,0.0,0.0,0.0,0.0,0.0,0.0,1331.0,0.0,0.0,38349.0,37862.0,139504.0
2023-09-16,0.0,0.0,0.0,0.0,0.0,0.0,0.0,1288.0,0.0,0.0,36616.0,30314.0,102895.0
2023-09-23,0.0,0.0,0.0,0.0,0.0,0.0,0.0,1278.0,0.0,0.0,38846.0,28899.0,106584.0
2023-09-30,0.0,0.0,0.0,0.0,0.0,0.0,0.0,1283.0,0.0,0.0,40730.0,38857.0,135160.0
2023-10-07,0.0,0.0,0.0,0.0,0.0,0.0,0.0,1161.0,0.0,0.0,50530.0,32752.0,152952.0
2023-10-14,0.0,0.0,0.0,0.0,0.0,0.0,0.0,1096.0,0.0,0.0,52784.0,27784.0,160924.0
2023-10-21,0.0,0.0,0.0,0.0,0.0,0.0,0.0,1021.0,0.0,0.0,65346.0,28143.0,180095.0
2023-10-28,0.0,0.0,0.0,0.0,0.0,0.0,0.0,987.0,0.0,0.0,64100.0,29260.0,164366.0
2023-11-04,0.0,0.0,0.0,0.0,0.0,0.0,0.0,710.0,0.0,0.0,77125.0,28766.0,267765.0
2023-11-11,0.0,0.0,0.0,0.0,0.0,0.0,0.0,649.0,0.0,0.0,80431.0,47535.0,377697.0
2023-11-18,0.0,0.0,0.0,0.0,0.0,0.0,0.0,734.0,0.0,0.0,95020.0,44608.0,396933.0
2023-11-25,0.0,0.0,0.0,0.0,0.0,0.0,0.0,1305.0,0.0,0.0,317050.0,114422.0,720929.0
2023-12-02,0.0,0.0,0.0,0.0,0.0,0.0,0.0,1925.0,0.0,0.0,225103.0,66548.0,255070.0
2023-12-09,0.0,0.0,0.0,0.0,0.0,0.0,0.0,2161.0,0.0,0.0,213556.0,56522.0,240766.0
2023-12-16,0.0,0.0,0.0,0.0,0.0,0.0,0.0,2488.0,0.0,0.0,239493.0,69383.0,254967.0
2023-12-23,0.0,0.0,0.0,0.0,0.0,0.0,0.0,2787.0,0.0,0.0,275733.0,87818.0,290648.0
2023-12-30,0.0,0.0,0.0,0.0,0.0,0.0,0.0,1212.0,0.0,0.0,122875.0,46182.0,154483.0
2024-01-06,0.0,0.0,0.0,0.0,0.0,0.0,0.0,315.0,0.0,0.0,71170.0,18793.0,108397.0
2024-01-13,0.0,0.0,0.0,0.0,0.0,0.0,0.0,287.0,0.0,0.0,45244.0,16067.0,81700.0
2024-01-20,0.0,0.0,0.0,0.0,0.0,0.0,0.0,259.0,0.0,0.0,40233.0,14920.0,84223.0
2024-01-27,0.0,0.0,0.0,0.0,0.0,0.0,0.0,243.0,0.0,0.0,38510.0,14934.0,78952.0
2024-02-03,0.0,0.0,0.0,0.0,0.0,0.0,0.0,228.0,0.0,0.0,40793.0,16845.0,74238.0
2024-02-10,0.0,0.0,0.0,0.0,0.0,0.0,0.0,390.0,0.0,0.0,45769.0,14905.0,96899.0
2024-02-17,0.0,0.0,0.0,0.0,0.0,0.0,0.0,328.0,0.0,0.0,43832.0,14847.0,110000.0
2024-02-24,0.0,0.0,0.0,0.0,0.0,0.0,0.0,263.0,0.0,0.0,43947.0,15247.0,125502.0
2024-03-02,0.0,0.0,0.0,0.0,0.0,0.0,0.0,259.0,0.0,0.0,44069.0,16443.0,125373.0
2024-03-09,0.0,0.0,0.0,0.0,0.0,0.0,0.0,253.0,0.0,0.0,41199.0,14798.0,76673.0
2024-03-16,0.0,0.0,0.0,0.0,0.0,0.0,0.0,219.0,0.0,0.0,39863.0,12825.0,73019.0
2024-03-23,0.0,0.0,0.0,0.0,0.0,0.0,0.0,197.0,0.0,0.0,36412.0,12519.0,66600.0
2024-03-30,0.0,0.0,0.0,0.0,0.0,0.0,0.0,188.0,0.0,0.0,36582.0,12974.0,67444.0
2024-04-06,0.0,0.0,0.0,0.0,0.0,0.0,0.0,209.0,0.0,0.0,42409.0,13675.0,64469.0
2024-04-13,0.0,0.0,0.0,0.0,0.0,0.0,0.0,355.0,0.0,0.0,43746.0,10023.0,62183.0
2024-04-20,0.0,0.0,0.0,0.0,0.0,0.0,0.0,335.0,0.0,0.0,42556.0,11546.0,55198.0
2024-04-27,0.0,0.0,0.0,0.0,0.0,0.0,0.0,1170.0,0.0,0.0,40189.0,11449.0,59121.0
2024-05-04,0.0,0.0,0.0,0.0,0.0,0.0,0.0,876.0,0.0,0.0,45011.0,11707.0,58513.0
2024-05-11,0.0,0.0,0.0,0.0,0.0,0.0,0.0,883.0,0.0,0.0,45015.0,13810.0,66187.0
2024-05-18,0.0,0.0,0.0,0.0,0.0,0.0,0.0,490.0,0.0,0.0,45362.0,13566.0,70112.0
2024-05-25,0.0,0.0,0.0,0.0,0.0,0.0,0.0,447.0,0.0,0.0,46263.0,14924.0,76299.0
2024-06-01,0.0,0.0,0.0,0.0,0.0,0.0,0.0,798.0,0.0,0.0,44833.0,16492.0,79528.0
2024-06-08,0.0,0.0,0.0,0.0,0.0,0.0,0.0,221.0,0.0,0.0,31170.0,13409.0,70467.0
2024-06-15,0.0,0.0,0.0,0.0,0.0,0.0,0.0,215.0,0.0,0.0,31774.0,14230.0,70075.0
2024-06-22,0.0,0.0,0.0,0.0,0.0,0.0,0.0,206.0,0.0,0.0,31964.0,14505.0,70036.0
2024-06-29,0.0,0.0,0.0,0.0,0.0,0.0,0.0,201.0,0.0,0.0,32969.0,15114.0,74164.0
2024-07-06,0.0,0.0,0.0,0.0,0.0,0.0,0.0,195.0,0.0,0.0,35421.0,15731.0,73636.0
2024-07-13,0.0,0.0,0.0,0.0,0.0,0.0,0.0,337.0,0.0,0.0,37519.0,15933.0,71552.0
2024-07-20,0.0,0.0,0.0,0.0,0.0,0.0,0.0,363.0,0.0,0.0,43335.0,17210.0,68465.0
2024-07-27,0.0,0.0,0.0,0.0,0.0,0.0,0.0,351.0,0.0,0.0,43043.0,18956.0,64720.0
2024-08-03,0.0,0.0,0.0,0.0,0.0,0.0,0.0,337.0,0.0,0.0,40958.0,18464.0,66402.0
2024-08-10,0.0,0.0,0.0,0.0,0.0,0.0,0.0,305.0,0.0,0.0,41786.0,18573.0,68052.0
2024-08-17,0.0,0.0,0.0,0.0,0.0,0.0,0.0,278.0,0.0,0.0,43108.0,18413.0,72433.0
2024-08-24,0.0,0.0,0.0,0.0,0.0,0.0,0.0,236.0,0.0,0.0,46253.0,17621.0,82079.0
2024-08-31,0.0,0.0,0.0,0.0,0.0,0.0,0.0,219.0,0.0,0.0,47523.0,19052.0,75157.0
2024-09-07,0.0,0.0,0.0,0.0,0.0,0.0,0.0,215.0,0.0,0.0,32220.0,14932.0,102321.0
2024-09-14,0.0,0.0,0.0,0.0,0.0,0.0,0.0,215.0,0.0,0.0,29307.0,15446.0,87397.0
2024-09-21,0.0,0.0,0.0,0.0,0.0,0.0,0.0,209.0,0.0,0.0,29736.0,15779.0,87743.0
2024-09-28,0.0,0.0,0.0,0.0,0.0,0.0,0.0,208.0,0.0,0.0,49515.0,16228.0,89397.0
2024-10-05,0.0,0.0,0.0,0.0,0.0,0.0,0.0,205.0,0.0,0.0,35029.0,17399.0,113654.0
2024-10-12,0.0,0.0,0.0,0.0,0.0,0.0,0.0,230.0,0.0,0.0,44037.0,16184.0,129104.0
2024-10-19,0.0,0.0,0.0,0.0,0.0,0.0,0.0,234.0,0.0,0.0,49495.0,18095.0,130313.0
2024-10-26,0.0,0.0,0.0,0.0,0.0,0.0,0.0,243.0,0.0,0.0,52795.0,20757.0,162468.0
2024-11-02,0.0,0.0,0.0,0.0,0.0,0.0,0.0,248.0,0.0,0.0,58130.0,19556.0,180147.0
2024-11-09,0.0,0.0,0.0,0.0,0.0,0.0,0.0,271.0,0.0,0.0,57220.0,23843.0,446451.0
2024-11-16,0.0,0.0,0.0,0.0,0.0,0.0,0.0,300.0,0.0,0.0,72455.0,29268.0,271234.0
2024-11-23,0.0,0.0,0.0,0.0,0.0,0.0,0.0,330.0,0.0,0.0,97784.0,35312.0,380731.0
2024-11-30,0.0,0.0,0.0,0.0,0.0,0.0,0.0,625.0,0.0,0.0,281695.0,76400.0,855766.0
2024-12-07,0.0,0.0,0.0,0.0,0.0,0.0,0.0,559.0,0.0,0.0,197441.0,37971.0,292594.0
2024-12-14,0.0,0.0,0.0,0.0,0.0,0.0,0.0,437.0,0.0,0.0,174782.0,31744.0,286730.0
2024-12-21,0.0,0.0,0.0,0.0,0.0,0.0,0.0,455.0,0.0,0.0,223340.0,39901.0,342633.0
2024-12-28,0.0,0.0,0.0,0.0,0.0,0.0,0.0,327.0,0.0,0.0,190226.0,32412.0,293946.0
2025-01-04,0.0,0.0,0.0,0.0,0.0,0.0,0.0,197.0,0.0,0.0,118999.0,22108.0,173715.0
2025-01-11,0.0,0.0,0.0,0.0,0.0,0.0,0.0,0.0,0.0,0.0,30801.0,12179.0,90961.0
2025-01-18,0.0,0.0,0.0,0.0,0.0,0.0,0.0,0.0,0.0,0.0,24741.0,11086.0,63001.0
2025-01-25,0.0,0.0,0.0,0.0,0.0,0.0,0.0,0.0,0.0,0.0,23274.0,10354.0,66886.0
2025-02-01,0.0,0.0,0.0,0.0,0.0,0.0,0.0,0.0,0.0,0.0,23312.0,11263.0,65288.0
2025-02-08,0.0,0.0,0.0,0.0,0.0,0.0,0.0,0.0,0.0,0.0,21384.0,11025.0,66821.0
2025-02-15,0.0,0.0,0.0,0.0,0.0,0.0,0.0,0.0,0.0,0.0,21727.0,10882.0,73301.0
2025-02-22,0.0,0.0,0.0,0.0,0.0,0.0,0.0,0.0,0.0,0.0,21188.0,11323.0,76672.0
2025-03-01,0.0,0.0,0.0,0.0,0.0,0.0,0.0,0.0,0.0,0.0,22854.0,14941.0,112920.0
2025-03-08,0.0,0.0,0.0,0.0,0.0,0.0,0.0,0.0,0.0,0.0,21720.0,12549.0,54964.0
2025-03-15,0.0,0.0,0.0,0.0,0.0,0.0,0.0,0.0,0.0,0.0,18678.0,10591.0,59432.0
2025-03-22,0.0,0.0,0.0,0.0,0.0,0.0,0.0,0.0,0.0,0.0,18366.0,12965.0,71315.0
2025-03-29,0.0,0.0,0.0,0.0,0.0,0.0,0.0,0.0,0.0,0.0,16533.0,11302.0,60552.0
2025-04-05,0.0,0.0,0.0,0.0,0.0,0.0,0.0,0.0,0.0,0.0,16019.0,11537.0,55271.0
2025-04-12,0.0,0.0,0.0,0.0,0.0,0.0,0.0,0.0,0.0,0.0,19617.0,10813.0,60441.0
2025-04-19,0.0,0.0,0.0,0.0,0.0,0.0,0.0,0.0,0.0,0.0,20963.0,10875.0,55159.0
2025-04-26,0.0,0.0,0.0,0.0,0.0,0.0,0.0,0.0,0.0,0.0,22323.0,10852.0,46710.0
2025-05-03,0.0,0.0,0.0,0.0,0.0,0.0,0.0,0.0,0.0,0.0,23558.0,11647.0,45379.0
2025-05-10,0.0,0.0,0.0,0.0,0.0,0.0,0.0,0.0,0.0,0.0,0.0,0.0,0.0
2025-05-17,0.0,0.0,0.0,0.0,0.0,0.0,0.0,0.0,0.0,0.0,0.0,0.0,0.0
2025-05-24,0.0,0.0,0.0,0.0,0.0,0.0,0.0,0.0,0.0,0.0,0.0,0.0,0.0
2025-05-31,0.0,0.0,0.0,0.0,0.0,0.0,0.0,0.0,0.0,0.0,0.0,0.0,0.0
