id,week,console,region,values
0,2020-11-14,PS5,Global,1464910.0
0,2020-11-21,PS5,Global,1001418.0
0,2021-11-13,PS5,Global,269468.0
0,2021-11-20,PS5,Global,283356.0
0,2021-11-27,PS5,Global,325503.0
0,2022-11-26,PS5,Global,1040393.0
0,2023-02-11,PS5,Global,501469.0
0,2023-11-18,PS5,Global,761254.0
0,2023-11-25,PS5,Global,1468592.0
0,2023-12-02,PS5,Global,796061.0
0,2023-12-30,PS5,Global,447516.0
0,2024-11-23,PS5,Global,871074.0
0,2024-11-30,PS5,Global,1844515.0
1,2012-11-24,WiiU,Global,472099.0
1,2012-12-08,WiiU,Global,529269.0
1,2012-12-22,WiiU,Global,318607.0
1,2013-06-01,WiiU,Global,21912.0
1,2013-06-08,WiiU,Global,20268.0
1,2013-11-23,WiiU,Global,104023.0
1,2013-11-30,WiiU,Global,240103.0
1,2013-12-07,WiiU,Global,198058.0
1,2013-12-21,WiiU,Global,350743.0
1,2014-05-31,WiiU,Global,123064.0
1,2014-06-07,WiiU,Global,88836.0
1,2014-06-14,WiiU,Global,67928.0
1,2015-11-28,WiiU,Global,255592.0
1,2015-12-05,WiiU,Global,186244.0
1,2015-12-12,WiiU,Global,234590.0
1,2015-12-19,WiiU,Global,302130.0
1,2015-12-26,WiiU,Global,343021.0
1,2016-01-02,WiiU,Global,136957.0
1,2016-11-26,WiiU,Global,51538.0
1,2016-12-03,WiiU,Global,38211.0
1,2016-12-10,WiiU,Global,39620.0
1,2016-12-17,WiiU,Global,43454.0
1,2016-12-24,WiiU,Global,45653.0
2,2020-11-14,XS,Global,1285686.0
2,2020-11-28,XS,Global,199274.0
2,2021-11-13,XS,Global,205358.0
2,2021-11-27,XS,Global,625951.0
2,2021-12-25,XS,Global,454633.0
2,2022-04-02,XS,Global,209718.0
2,2022-11-12,XS,Global,130018.0
2,2022-11-26,XS,Global,731818.0
2,2023-11-25,XS,Global,546226.0
2,2023-12-16,XS,Global,389222.0
2,2023-12-23,XS,Global,456216.0
2,2024-11-09,XS,Global,89201.0
2,2024-11-23,XS,Global,134617.0
2,2024-12-21,XS,Global,212231.0
3,2017-03-04,NS,Global,1400822.0
3,2017-11-25,NS,Global,856754.0
3,2018-03-03,NS,Global,191179.0
3,2018-11-24,NS,Global,1379280.0
3,2018-12-01,NS,Global,770844.0
3,2018-12-08,NS,Global,1194167.0
3,2019-03-02,NS,Global,256993.0
3,2019-03-23,NS,Global,219395.0
3,2019-09-21,NS,Global,600282.0
3,2019-11-23,NS,Global,616220.0
3,2019-11-30,NS,Global,1852859.0
3,2020-03-21,NS,Global,976393.0
3,2020-03-28,NS,Global,763344.0
3,2021-10-09,NS,Global,849394.0
3,2023-04-29,NS,Global,553289.0
4,2011-12-17,PSV,Global,322488.0
4,2011-12-24,PSV,Global,88451.0
4,2011-12-31,PSV,Global,48634.0
4,2012-01-07,PSV,Global,43162.0
4,2012-02-18,PSV,Global,85252.0
4,2012-02-25,PSV,Global,351916.0
4,2012-06-16,PSV,Global,66866.0
4,2012-09-01,PSV,Global,80758.0
4,2012-10-13,PSV,Global,33208.0
4,2012-11-17,PSV,Global,92502.0
4,2012-11-24,PSV,Global,206268.0
4,2012-12-01,PSV,Global,113335.0
4,2012-12-15,PSV,Global,144376.0
4,2012-12-22,PSV,Global,165392.0
4,2012-12-29,PSV,Global,112712.0
4,2013-02-16,PSV,Global,30261.0
4,2013-02-23,PSV,Global,34183.0
4,2013-03-09,PSV,Global,79809.0
4,2013-06-15,PSV,Global,29894.0
4,2013-08-31,PSV,Global,36208.0
4,2013-10-12,PSV,Global,84638.0
4,2013-10-19,PSV,Global,58469.0
4,2013-11-16,PSV,Global,127792.0
4,2013-11-23,PSV,Global,80548.0
4,2013-11-30,PSV,Global,136707.0
4,2013-12-14,PSV,Global,132103.0
4,2013-12-21,PSV,Global,156236.0
4,2013-12-28,PSV,Global,172379.0
4,2014-01-04,PSV,Global,128617.0
4,2014-01-11,PSV,Global,64293.0
4,2014-01-18,PSV,Global,51670.0
4,2014-02-22,PSV,Global,39679.0
4,2014-03-01,PSV,Global,42551.0
4,2014-05-10,PSV,Global,71695.0
4,2014-07-12,PSV,Global,56945.0
4,2014-10-11,PSV,Global,28975.0
4,2014-11-22,PSV,Global,62095.0
4,2014-11-29,PSV,Global,107935.0
4,2014-12-06,PSV,Global,104364.0
4,2014-12-13,PSV,Global,117051.0
4,2014-12-20,PSV,Global,141878.0
4,2015-02-21,PSV,Global,54033.0
4,2015-11-28,PSV,Global,51172.0
4,2015-12-05,PSV,Global,50347.0
4,2015-12-26,PSV,Global,121972.0
4,2016-01-02,PSV,Global,100087.0
4,2016-01-30,PSV,Global,56189.0
4,2016-12-24,PSV,Global,88171.0
4,2017-01-07,PSV,Global,53352.0
4,2017-12-16,PSV,Global,13709.0
4,2017-12-23,PSV,Global,17480.0
5,2004-12-11,PSP,Global,163812.0
5,2004-12-18,PSP,Global,83598.0
5,2004-12-25,PSP,Global,98771.0
5,2005-03-26,PSP,Global,516995.0
5,2005-04-02,PSP,Global,234438.0
5,2005-09-03,PSP,Global,685965.0
5,2005-09-10,PSP,Global,235414.0
5,2005-12-03,PSP,Global,522102.0
5,2005-12-10,PSP,Global,608491.0
5,2005-12-17,PSP,Global,718088.0
5,2005-12-24,PSP,Global,872252.0
5,2005-12-31,PSP,Global,422874.0
5,2006-03-25,PSP,Global,151125.0
5,2006-04-01,PSP,Global,160744.0
5,2006-09-02,PSP,Global,109896.0
5,2006-09-16,PSP,Global,101450.0
5,2006-09-23,PSP,Global,96160.0
5,2006-09-30,PSP,Global,100053.0
5,2006-10-07,PSP,Global,90666.0
5,2006-12-02,PSP,Global,344584.0
5,2006-12-16,PSP,Global,587607.0
5,2006-12-23,PSP,Global,767646.0
5,2006-12-30,PSP,Global,286237.0
5,2007-01-06,PSP,Global,269418.0
5,2007-02-24,PSP,Global,210149.0
5,2007-03-24,PSP,Global,141159.0
5,2007-03-31,PSP,Global,138964.0
5,2007-04-07,PSP,Global,149509.0
5,2007-05-12,PSP,Global,228145.0
5,2007-09-01,PSP,Global,121530.0
5,2007-09-08,PSP,Global,120771.0
5,2007-09-15,PSP,Global,330180.0
5,2007-09-22,PSP,Global,509170.0
5,2007-09-29,PSP,Global,350051.0
5,2007-10-06,PSP,Global,302480.0
5,2007-10-13,PSP,Global,254440.0
5,2007-11-24,PSP,Global,447202.0
5,2007-12-01,PSP,Global,436940.0
5,2007-12-15,PSP,Global,734620.0
5,2008-03-29,PSP,Global,326411.0
5,2008-04-05,PSP,Global,296701.0
5,2008-07-19,PSP,Global,255796.0
5,2008-08-16,PSP,Global,242941.0
5,2008-09-13,PSP,Global,144388.0
5,2008-09-20,PSP,Global,140094.0
5,2008-09-27,PSP,Global,136363.0
5,2008-10-04,PSP,Global,141670.0
5,2008-10-11,PSP,Global,141869.0
5,2008-10-18,PSP,Global,312893.0
5,2008-11-22,PSP,Global,274756.0
5,2008-11-29,PSP,Global,501600.0
5,2008-12-20,PSP,Global,789604.0
5,2008-12-27,PSP,Global,662743.0
5,2009-01-03,PSP,Global,495850.0
5,2009-10-03,PSP,Global,213188.0
5,2009-10-10,PSP,Global,182966.0
5,2009-12-05,PSP,Global,390760.0
5,2009-12-19,PSP,Global,531912.0
5,2010-01-09,PSP,Global,348838.0
5,2010-12-04,PSP,Global,563652.0
5,2010-12-11,PSP,Global,442892.0
5,2010-12-25,PSP,Global,568726.0
5,2011-02-12,PSP,Global,196376.0
5,2011-12-03,PSP,Global,201442.0
5,2011-12-31,PSP,Global,196641.0
6,2013-11-23,XOne,Global,1104585.0
6,2013-11-30,XOne,Global,461423.0
6,2013-12-07,XOne,Global,300431.0
6,2013-12-21,XOne,Global,396835.0
6,2013-12-28,XOne,Global,287541.0
6,2014-11-22,XOne,Global,385370.0
6,2014-11-29,XOne,Global,942645.0
6,2014-12-06,XOne,Global,523395.0
6,2015-11-21,XOne,Global,318198.0
6,2015-11-28,XOne,Global,1170254.0
6,2015-12-19,XOne,Global,658865.0
6,2015-12-26,XOne,Global,703376.0
6,2016-10-15,XOne,Global,243802.0
6,2016-10-22,XOne,Global,222228.0
6,2016-11-12,XOne,Global,279583.0
6,2016-11-26,XOne,Global,913730.0
6,2016-12-24,XOne,Global,712410.0
6,2017-11-11,XOne,Global,691903.0
6,2017-11-18,XOne,Global,390874.0
6,2017-11-25,XOne,Global,1097556.0
6,2017-12-02,XOne,Global,522994.0
6,2018-11-10,XOne,Global,209416.0
6,2018-11-24,XOne,Global,1132948.0
6,2019-11-09,XOne,Global,124580.0
6,2019-11-23,XOne,Global,211415.0
6,2019-11-30,XOne,Global,1027206.0
6,2019-12-07,XOne,Global,459064.0
6,2019-12-14,XOne,Global,455219.0
6,2019-12-21,XOne,Global,478152.0
6,2020-04-11,XOne,Global,152091.0
6,2020-04-18,XOne,Global,149981.0
6,2020-04-25,XOne,Global,136460.0
6,2020-11-21,XOne,Global,69061.0
6,2020-11-28,XOne,Global,123737.0
6,2020-12-05,XOne,Global,111409.0
6,2020-12-12,XOne,Global,111166.0
6,2020-12-19,XOne,Global,125592.0
6,2021-11-27,XOne,Global,1690.0
6,2022-11-19,XOne,Global,124.0
6,2022-11-26,XOne,Global,131.0
7,2013-11-16,PS4,Global,1071184.0
7,2013-11-23,PS4,Global,103775.0
7,2013-12-07,PS4,Global,349355.0
7,2013-12-28,PS4,Global,463906.0
7,2014-02-22,PS4,Global,439621.0
7,2014-09-13,PS4,Global,508882.0
7,2014-11-08,PS4,Global,425678.0
7,2014-11-15,PS4,Global,430953.0
7,2014-11-22,PS4,Global,547091.0
7,2014-11-29,PS4,Global,1037032.0
7,2014-12-06,PS4,Global,711076.0
7,2015-06-27,PS4,Global,354519.0
7,2015-09-12,PS4,Global,225570.0
7,2015-11-07,PS4,Global,676929.0
7,2015-11-14,PS4,Global,594946.0
7,2015-11-21,PS4,Global,762120.0
7,2015-11-28,PS4,Global,1507202.0
7,2015-12-19,PS4,Global,985740.0
7,2015-12-26,PS4,Global,1073584.0
7,2016-09-10,PS4,Global,233557.0
7,2016-11-12,PS4,Global,794156.0
7,2016-11-26,PS4,Global,1229270.0
7,2016-12-17,PS4,Global,1037140.0
7,2016-12-24,PS4,Global,1148712.0
7,2017-11-25,PS4,Global,1623712.0
7,2017-12-02,PS4,Global,803423.0
7,2018-01-27,PS4,Global,395821.0
7,2018-11-24,PS4,Global,1573646.0
7,2019-11-23,PS4,Global,452072.0
7,2019-11-30,PS4,Global,1323523.0
7,2019-12-21,PS4,Global,708411.0
7,2020-04-11,PS4,Global,373388.0
7,2020-04-18,PS4,Global,284329.0
7,2020-11-21,PS4,Global,120614.0
7,2020-11-28,PS4,Global,161096.0
7,2020-12-05,PS4,Global,142404.0
7,2020-12-12,PS4,Global,143370.0
7,2020-12-19,PS4,Global,163365.0
7,2021-11-27,PS4,Global,32559.0
8,2011-02-26,3DS,Global,374164.0
8,2011-03-26,3DS,Global,393048.0
8,2011-04-02,3DS,Global,609628.0
8,2011-07-30,3DS,Global,57167.0
8,2011-08-06,3DS,Global,35976.0
8,2011-11-26,3DS,Global,861566.0
8,2011-12-10,3DS,Global,1029321.0
8,2011-12-31,3DS,Global,504798.0
8,2012-02-25,3DS,Global,184692.0
8,2012-03-24,3DS,Global,175371.0
8,2012-03-31,3DS,Global,205187.0
8,2012-07-28,3DS,Global,357396.0
8,2012-08-04,3DS,Global,261754.0
8,2012-12-01,3DS,Global,562320.0
8,2012-12-08,3DS,Global,690540.0
8,2013-03-30,3DS,Global,186840.0
8,2013-06-15,3DS,Global,209282.0
8,2013-08-10,3DS,Global,141357.0
8,2013-09-14,3DS,Global,378528.0
8,2013-09-21,3DS,Global,258131.0
8,2013-10-12,3DS,Global,448438.0
8,2013-10-19,3DS,Global,381484.0
8,2013-10-26,3DS,Global,355764.0
8,2013-11-02,3DS,Global,326821.0
8,2013-11-23,3DS,Global,411190.0
8,2013-11-30,3DS,Global,852938.0
8,2013-12-28,3DS,Global,704811.0
8,2014-02-15,3DS,Global,123459.0
8,2014-02-22,3DS,Global,113548.0
8,2014-09-13,3DS,Global,94008.0
8,2014-10-11,3DS,Global,345735.0
8,2015-02-14,3DS,Global,367799.0
8,2015-02-21,3DS,Global,245482.0
8,2015-02-28,3DS,Global,181811.0
8,2015-10-10,3DS,Global,81158.0
8,2015-11-21,3DS,Global,201588.0
8,2015-12-12,3DS,Global,394580.0
8,2015-12-19,3DS,Global,490161.0
8,2016-11-19,3DS,Global,323149.0
8,2016-11-26,3DS,Global,685335.0
8,2016-12-24,3DS,Global,587560.0
8,2017-07-29,3DS,Global,197883.0
8,2019-11-23,3DS,Global,44015.0
9,2004-12-04,DS,Global,651898.0
9,2005-12-24,DS,Global,1292919.0
9,2005-12-31,DS,Global,673413.0
9,2006-12-02,DS,Global,824478.0
9,2006-12-30,DS,Global,519608.0
9,2007-11-24,DS,Global,1346850.0
9,2007-12-15,DS,Global,1716751.0
9,2007-12-22,DS,Global,2011149.0
9,2008-04-12,DS,Global,370609.0
9,2008-11-29,DS,Global,1599505.0
9,2008-12-20,DS,Global,2059316.0
9,2008-12-27,DS,Global,1739821.0
9,2009-04-11,DS,Global,886655.0
9,2009-11-28,DS,Global,1524731.0
9,2009-12-26,DS,Global,1792678.0
9,2010-11-27,DS,Global,1265678.0
9,2010-12-18,DS,Global,1307290.0
9,2010-12-25,DS,Global,1414810.0
9,2011-11-26,DS,Global,351510.0
9,2011-12-10,DS,Global,324882.0
9,2011-12-17,DS,Global,362941.0
9,2011-12-24,DS,Global,384692.0
10,2006-12-23,Wii,Global,597968.0
10,2007-12-01,Wii,Global,699757.0
10,2007-12-08,Wii,Global,728498.0
10,2007-12-15,Wii,Global,686612.0
10,2007-12-22,Wii,Global,1462609.0
10,2008-01-05,Wii,Global,386299.0
10,2008-01-12,Wii,Global,206753.0
10,2008-05-03,Wii,Global,645420.0
10,2008-05-24,Wii,Global,558375.0
10,2008-06-28,Wii,Global,490942.0
10,2008-11-29,Wii,Global,1353723.0
10,2008-12-13,Wii,Global,1285361.0
10,2008-12-20,Wii,Global,1592000.0
10,2009-05-02,Wii,Global,214851.0
10,2009-05-23,Wii,Global,199699.0
10,2009-06-27,Wii,Global,188283.0
10,2009-12-05,Wii,Global,1541469.0
10,2009-12-12,Wii,Global,1378203.0
10,2009-12-19,Wii,Global,1746235.0
10,2009-12-26,Wii,Global,1823190.0
10,2010-01-02,Wii,Global,907244.0
10,2010-12-11,Wii,Global,1282261.0
10,2010-12-18,Wii,Global,1398203.0
10,2010-12-25,Wii,Global,1441770.0
10,2011-11-26,Wii,Global,867361.0
10,2012-12-08,Wii,Global,246286.0
10,2012-12-15,Wii,Global,285232.0
10,2012-12-22,Wii,Global,323036.0
10,2013-11-23,Wii,Global,54700.0
10,2013-12-21,Wii,Global,107462.0
11,2006-12-16,PS3,Global,200001.0
11,2006-12-23,PS3,Global,190595.0
11,2007-03-24,PS3,Global,603976.0
11,2007-06-16,PS3,Global,60022.0
11,2007-09-08,PS3,Global,99852.0
11,2007-11-24,PS3,Global,380441.0
11,2007-12-08,PS3,Global,483939.0
11,2007-12-15,PS3,Global,585839.0
11,2007-12-22,PS3,Global,657716.0
11,2008-03-22,PS3,Global,175009.0
11,2008-05-03,PS3,Global,239942.0
11,2008-06-14,PS3,Global,309807.0
11,2008-09-06,PS3,Global,143462.0
11,2008-12-20,PS3,Global,589151.0
11,2009-03-21,PS3,Global,142887.0
11,2009-06-13,PS3,Global,109307.0
11,2009-08-22,PS3,Global,96058.0
11,2009-09-05,PS3,Global,601186.0
11,2009-09-12,PS3,Global,352880.0
11,2009-09-19,PS3,Global,297188.0
11,2009-11-28,PS3,Global,816843.0
11,2009-12-12,PS3,Global,748551.0
11,2009-12-19,PS3,Global,1033233.0
11,2009-12-26,PS3,Global,1002523.0
11,2010-09-04,PS3,Global,166263.0
11,2010-09-11,PS3,Global,151821.0
11,2011-11-26,PS3,Global,875412.0
11,2011-12-24,PS3,Global,857546.0
11,2012-09-22,PS3,Global,128704.0
11,2012-11-24,PS3,Global,894365.0
11,2013-09-21,PS3,Global,277887.0
11,2013-11-23,PS3,Global,209786.0
11,2013-11-30,PS3,Global,445892.0
11,2014-11-22,PS3,Global,64775.0
11,2014-11-29,PS3,Global,135186.0
12,2005-12-17,X360,Global,165880.0
12,2005-12-24,X360,Global,134426.0
12,2006-12-16,X360,Global,499712.0
12,2006-12-23,X360,Global,568243.0
12,2007-09-29,X360,Global,231539.0
12,2007-12-01,X360,Global,325839.0
12,2007-12-29,X360,Global,332756.0
12,2008-05-03,X360,Global,223924.0
12,2008-11-29,X360,Global,737050.0
12,2008-12-13,X360,Global,708312.0
12,2008-12-20,X360,Global,898631.0
12,2008-12-27,X360,Global,760743.0
12,2009-11-28,X360,Global,599275.0
12,2009-12-05,X360,Global,495465.0
12,2009-12-12,X360,Global,578866.0
12,2009-12-19,X360,Global,720276.0
12,2010-07-17,X360,Global,352841.0
12,2010-09-18,X360,Global,269466.0
12,2010-12-18,X360,Global,1090533.0
12,2010-12-25,X360,Global,1140513.0
12,2011-11-12,X360,Global,564343.0
12,2011-11-26,X360,Global,1336326.0
12,2011-12-10,X360,Global,869543.0
12,2011-12-17,X360,Global,1018271.0
12,2011-12-24,X360,Global,1086162.0
12,2012-11-17,X360,Global,462576.0
12,2012-11-24,X360,Global,1154682.0
12,2013-11-23,X360,Global,206297.0
12,2013-11-30,X360,Global,489275.0
12,2013-12-28,X360,Global,325458.0
12,2014-11-22,X360,Global,73856.0
12,2014-11-29,X360,Global,123749.0
12,2014-12-13,X360,Global,113940.0
12,2014-12-20,X360,Global,127679.0
13,2020-11-14,PS5,NA,1004523.0
13,2021-11-13,PS5,NA,92843.0
13,2021-11-27,PS5,NA,136102.0
13,2021-12-04,PS5,NA,121339.0
13,2021-12-25,PS5,NA,255439.0
13,2022-01-08,PS5,NA,115792.0
13,2022-11-19,PS5,NA,228966.0
13,2022-11-26,PS5,NA,639734.0
13,2022-12-03,PS5,NA,376261.0
13,2023-02-11,PS5,NA,170688.0
13,2023-11-25,PS5,NA,491282.0
13,2023-12-02,PS5,NA,341583.0
13,2023-12-16,PS5,NA,345764.0
13,2024-11-09,PS5,NA,213434.0
13,2024-11-23,PS5,NA,280423.0
13,2024-11-30,PS5,NA,621827.0
14,2012-11-24,WiiU,NA,421850.0
14,2012-12-01,WiiU,NA,107660.0
14,2012-12-22,WiiU,NA,102319.0
14,2012-12-29,WiiU,NA,56648.0
14,2013-11-23,WiiU,NA,44725.0
14,2013-11-30,WiiU,NA,147632.0
14,2013-12-21,WiiU,NA,135293.0
14,2014-05-31,WiiU,NA,41375.0
14,2014-06-07,WiiU,NA,35356.0
14,2014-11-22,WiiU,NA,68126.0
14,2014-11-29,WiiU,NA,158844.0
14,2014-12-06,WiiU,NA,94572.0
14,2014-12-13,WiiU,NA,125534.0
14,2014-12-20,WiiU,NA,140247.0
14,2014-12-27,WiiU,NA,131559.0
14,2015-01-03,WiiU,NA,51986.0
14,2015-11-28,WiiU,NA,151469.0
14,2015-12-05,WiiU,NA,72090.0
14,2015-12-12,WiiU,NA,91199.0
14,2015-12-19,WiiU,NA,115232.0
14,2015-12-26,WiiU,NA,123519.0
14,2016-11-26,WiiU,NA,25668.0
14,2016-12-03,WiiU,NA,6569.0
14,2016-12-10,WiiU,NA,8450.0
14,2016-12-17,WiiU,NA,9873.0
14,2016-12-24,WiiU,NA,9147.0
15,2020-11-14,XS,NA,715262.0
15,2020-11-28,XS,NA,64734.0
15,2021-11-13,XS,NA,87162.0
15,2021-11-27,XS,NA,378252.0
15,2022-03-19,XS,NA,131455.0
15,2022-04-02,XS,NA,120259.0
15,2022-11-12,XS,NA,55370.0
15,2022-11-26,XS,NA,486812.0
15,2023-11-25,XS,NA,327538.0
15,2023-12-16,XS,NA,239931.0
15,2023-12-23,XS,NA,276459.0
15,2024-11-09,XS,NA,48872.0
15,2024-11-23,XS,NA,76220.0
15,2024-12-14,XS,NA,125964.0
15,2024-12-21,XS,NA,133204.0
16,2017-03-04,NS,NA,507114.0
16,2017-11-25,NS,NA,483989.0
16,2017-12-09,NS,NA,313611.0
16,2017-12-16,NS,NA,325424.0
16,2017-12-23,NS,NA,338745.0
16,2018-03-03,NS,NA,66374.0
16,2018-11-24,NS,NA,791912.0
16,2018-12-01,NS,NA,277298.0
16,2018-12-22,NS,NA,516951.0
16,2019-03-02,NS,NA,83644.0
16,2019-11-23,NS,NA,168792.0
16,2019-11-30,NS,NA,880303.0
16,2019-12-07,NS,NA,511053.0
16,2019-12-14,NS,NA,550514.0
16,2019-12-21,NS,NA,615317.0
16,2020-03-21,NS,NA,269149.0
16,2020-11-21,NS,NA,228412.0
16,2020-11-28,NS,NA,737437.0
16,2021-03-27,NS,NA,249502.0
16,2021-10-09,NS,NA,283951.0
16,2021-11-27,NS,NA,514846.0
16,2021-12-04,NS,NA,317708.0
16,2021-12-11,NS,NA,307201.0
16,2021-12-18,NS,NA,310150.0
16,2022-11-19,NS,NA,240859.0
16,2022-11-26,NS,NA,511377.0
16,2023-04-29,NS,NA,189759.0
16,2023-05-13,NS,NA,135235.0
17,2012-02-18,PSV,NA,66585.0
17,2012-02-25,PSV,NA,140520.0
17,2012-03-03,PSV,NA,44755.0
17,2012-05-12,PSV,NA,11409.0
17,2012-08-11,PSV,NA,9181.0
17,2012-08-25,PSV,NA,8656.0
17,2012-09-08,PSV,NA,8795.0
17,2012-09-15,PSV,NA,8478.0
17,2012-11-17,PSV,NA,39147.0
17,2012-11-24,PSV,NA,143272.0
17,2012-12-01,PSV,NA,49855.0
17,2012-12-08,PSV,NA,58757.0
17,2012-12-15,PSV,NA,67825.0
17,2012-12-22,PSV,NA,77260.0
17,2013-02-16,PSV,NA,8609.0
17,2013-02-23,PSV,NA,7887.0
17,2013-03-02,PSV,NA,6950.0
17,2013-03-09,PSV,NA,6274.0
17,2013-05-04,PSV,NA,9955.0
17,2013-08-10,PSV,NA,8092.0
17,2013-08-24,PSV,NA,8456.0
17,2013-08-31,PSV,NA,10348.0
17,2013-09-07,PSV,NA,9116.0
17,2013-09-14,PSV,NA,8814.0
17,2013-09-21,PSV,NA,7900.0
17,2013-11-16,PSV,NA,10702.0
17,2013-11-23,PSV,NA,13017.0
17,2013-11-30,PSV,NA,53702.0
17,2013-12-07,PSV,NA,23494.0
17,2013-12-14,PSV,NA,29027.0
17,2013-12-21,PSV,NA,34001.0
17,2013-12-28,PSV,NA,23876.0
17,2014-02-15,PSV,NA,4623.0
17,2014-02-22,PSV,NA,4273.0
17,2014-05-10,PSV,NA,35026.0
17,2014-05-17,PSV,NA,8118.0
17,2014-11-15,PSV,NA,5231.0
17,2014-11-22,PSV,NA,6534.0
17,2014-11-29,PSV,NA,23036.0
17,2014-12-27,PSV,NA,35205.0
17,2015-01-03,PSV,NA,17061.0
17,2015-05-09,PSV,NA,2872.0
17,2016-12-17,PSV,NA,4060.0
17,2016-12-24,PSV,NA,3890.0
18,2005-03-26,PSP,NA,408443.0
18,2005-04-02,PSP,NA,170078.0
18,2005-04-09,PSP,NA,110985.0
18,2005-05-14,PSP,NA,55384.0
18,2005-05-21,PSP,NA,51682.0
18,2005-11-05,PSP,NA,46407.0
18,2005-11-12,PSP,NA,56280.0
18,2005-11-26,PSP,NA,177456.0
18,2005-12-31,PSP,NA,92462.0
18,2006-03-25,PSP,NA,33926.0
18,2006-04-01,PSP,NA,38064.0
18,2006-04-08,PSP,NA,40803.0
18,2006-11-25,PSP,NA,186201.0
18,2006-12-16,PSP,NA,229212.0
18,2006-12-30,PSP,NA,82649.0
18,2007-03-24,PSP,NA,35204.0
18,2007-03-31,PSP,NA,35194.0
18,2007-04-07,PSP,NA,41874.0
18,2007-05-12,PSP,NA,56226.0
18,2007-05-19,PSP,NA,56600.0
18,2007-09-01,PSP,NA,35287.0
18,2007-09-15,PSP,NA,64078.0
18,2007-09-29,PSP,NA,64885.0
18,2007-10-06,PSP,NA,67361.0
18,2007-10-13,PSP,NA,61334.0
18,2007-10-20,PSP,NA,70768.0
18,2007-11-24,PSP,NA,190189.0
18,2007-12-01,PSP,NA,150693.0
18,2007-12-08,PSP,NA,197683.0
18,2007-12-29,PSP,NA,132373.0
18,2008-03-29,PSP,NA,71935.0
18,2008-08-16,PSP,NA,63720.0
18,2008-08-23,PSP,NA,62035.0
18,2008-10-04,PSP,NA,42547.0
18,2008-11-22,PSP,NA,74945.0
18,2008-11-29,PSP,NA,221277.0
18,2008-12-13,PSP,NA,195843.0
18,2008-12-20,PSP,NA,269751.0
18,2008-12-27,PSP,NA,229866.0
18,2009-01-31,PSP,NA,66495.0
18,2009-06-13,PSP,NA,30454.0
18,2009-08-29,PSP,NA,48578.0
18,2009-10-03,PSP,NA,50322.0
18,2009-11-28,PSP,NA,129586.0
18,2009-12-05,PSP,NA,87153.0
18,2009-12-12,PSP,NA,117203.0
18,2009-12-19,PSP,NA,162882.0
18,2009-12-26,PSP,NA,195103.0
18,2010-01-23,PSP,NA,44226.0
18,2010-06-12,PSP,NA,52528.0
18,2010-09-11,PSP,NA,48470.0
18,2011-03-05,PSP,NA,44686.0
18,2011-12-24,PSP,NA,63378.0
18,2012-11-24,PSP,NA,14344.0
18,2012-12-08,PSP,NA,9617.0
18,2012-12-15,PSP,NA,14017.0
18,2012-12-22,PSP,NA,15415.0
19,2013-11-23,XOne,NA,652045.0
19,2013-11-30,XOne,NA,307013.0
19,2013-12-28,XOne,NA,180550.0
19,2014-11-22,XOne,NA,209248.0
19,2014-11-29,XOne,NA,664001.0
19,2014-12-06,XOne,NA,296448.0
19,2015-11-21,XOne,NA,172037.0
19,2015-11-28,XOne,NA,802808.0
19,2015-12-26,XOne,NA,378680.0
19,2016-10-15,XOne,NA,117711.0
19,2016-10-22,XOne,NA,102703.0
19,2016-11-12,XOne,NA,130917.0
19,2016-11-26,XOne,NA,617509.0
19,2016-12-17,XOne,NA,376669.0
19,2016-12-24,XOne,NA,410824.0
19,2017-11-11,XOne,NA,455436.0
19,2017-11-18,XOne,NA,218734.0
19,2017-11-25,XOne,NA,806367.0
19,2017-12-02,XOne,NA,268952.0
19,2018-11-10,XOne,NA,92510.0
19,2018-11-24,XOne,NA,809187.0
19,2018-12-01,XOne,NA,318286.0
19,2019-11-09,XOne,NA,43366.0
19,2019-11-23,XOne,NA,65664.0
19,2019-11-30,XOne,NA,700792.0
19,2019-12-07,XOne,NA,241023.0
19,2019-12-14,XOne,NA,231987.0
19,2020-04-11,XOne,NA,79324.0
19,2020-04-18,XOne,NA,79176.0
19,2020-11-21,XOne,NA,36112.0
19,2020-11-28,XOne,NA,72202.0
19,2021-11-27,XOne,NA,939.0
19,2022-11-19,XOne,NA,93.0
19,2022-11-26,XOne,NA,93.0
20,2013-11-16,PS4,NA,982390.0
20,2013-11-23,PS4,NA,91560.0
20,2013-11-30,PS4,NA,122877.0
20,2013-12-07,PS4,NA,114000.0
20,2013-12-28,PS4,NA,143279.0
20,2014-09-13,PS4,NA,228580.0
20,2014-11-08,PS4,NA,130505.0
20,2014-11-15,PS4,NA,119078.0
20,2014-11-29,PS4,NA,444061.0
20,2014-12-06,PS4,NA,215395.0
20,2014-12-20,PS4,NA,258686.0
20,2015-06-27,PS4,NA,143976.0
20,2015-09-12,PS4,NA,69649.0
20,2015-11-07,PS4,NA,268079.0
20,2015-11-14,PS4,NA,188066.0
20,2015-11-21,PS4,NA,265710.0
20,2015-11-28,PS4,NA,815257.0
20,2015-12-12,PS4,NA,323001.0
20,2015-12-19,PS4,NA,409943.0
20,2015-12-26,PS4,NA,454878.0
20,2016-01-02,PS4,NA,178312.0
20,2016-06-25,PS4,NA,50132.0
20,2016-09-10,PS4,NA,37202.0
20,2016-11-12,PS4,NA,220607.0
20,2016-11-26,PS4,NA,527147.0
20,2016-12-10,PS4,NA,305440.0
20,2016-12-17,PS4,NA,389349.0
20,2016-12-24,PS4,NA,434992.0
20,2017-11-11,PS4,NA,220775.0
20,2017-11-18,PS4,NA,303734.0
20,2017-11-25,PS4,NA,988834.0
20,2017-12-02,PS4,NA,227530.0
20,2017-12-16,PS4,NA,244901.0
20,2017-12-23,PS4,NA,250118.0
20,2018-04-21,PS4,NA,113623.0
20,2018-11-24,PS4,NA,889834.0
20,2018-12-01,PS4,NA,321530.0
20,2019-04-20,PS4,NA,36852.0
20,2019-11-23,PS4,NA,166526.0
20,2019-11-30,PS4,NA,794313.0
20,2020-04-11,PS4,NA,96079.0
20,2020-11-21,PS4,NA,30407.0
20,2020-11-28,PS4,NA,50994.0
20,2020-12-05,PS4,NA,40836.0
20,2020-12-12,PS4,NA,34065.0
20,2021-11-27,PS4,NA,12895.0
20,2022-11-26,PS4,NA,1262.0
20,2024-11-23,PS4,NA,384.0
21,2011-04-02,3DS,NA,350918.0
21,2011-11-26,3DS,NA,486026.0
21,2011-12-10,3DS,NA,338478.0
21,2011-12-31,3DS,NA,124526.0
21,2012-03-31,3DS,NA,37803.0
21,2012-08-04,3DS,NA,42445.0
21,2012-11-24,3DS,NA,243919.0
21,2012-12-01,3DS,NA,150535.0
21,2012-12-08,3DS,NA,200744.0
21,2012-12-15,3DS,NA,296173.0
21,2013-03-30,3DS,NA,65779.0
21,2013-06-15,3DS,NA,78046.0
21,2013-10-12,3DS,NA,96072.0
21,2013-10-19,3DS,NA,92670.0
21,2013-10-26,3DS,NA,98428.0
21,2013-11-23,3DS,NA,125308.0
21,2013-11-30,3DS,NA,468108.0
21,2013-12-07,3DS,NA,251827.0
21,2013-12-21,3DS,NA,368627.0
21,2013-12-28,3DS,NA,208912.0
21,2014-02-15,3DS,NA,38948.0
21,2014-02-22,3DS,NA,35728.0
21,2014-12-13,3DS,NA,159921.0
21,2014-12-20,3DS,NA,214161.0
21,2015-02-14,3DS,NA,163018.0
21,2015-02-21,3DS,NA,111246.0
21,2015-02-28,3DS,NA,75043.0
21,2015-03-07,3DS,NA,60605.0
21,2015-11-28,3DS,NA,223232.0
21,2015-12-12,3DS,NA,112785.0
21,2015-12-19,3DS,NA,151271.0
21,2016-11-26,3DS,NA,346966.0
21,2017-02-11,3DS,NA,23819.0
21,2017-12-02,3DS,NA,132734.0
21,2017-12-09,3DS,NA,141351.0
21,2017-12-16,3DS,NA,166119.0
21,2017-12-23,3DS,NA,176410.0
21,2017-12-30,3DS,NA,83682.0
21,2019-11-23,3DS,NA,21794.0
21,2020-11-21,3DS,NA,1769.0
22,2004-11-27,DS,NA,486391.0
22,2004-12-04,DS,NA,171835.0
22,2005-01-01,DS,NA,70978.0
22,2005-06-11,DS,NA,21773.0
22,2005-11-26,DS,NA,178740.0
22,2006-06-10,DS,NA,197387.0
22,2006-12-02,DS,NA,264447.0
22,2006-12-23,DS,NA,462146.0
22,2006-12-30,DS,NA,134299.0
22,2007-02-24,DS,NA,176072.0
22,2007-11-24,DS,NA,611777.0
22,2007-12-01,DS,NA,444828.0
22,2007-12-08,DS,NA,555156.0
22,2007-12-15,DS,NA,638651.0
22,2007-12-22,DS,NA,793911.0
22,2007-12-29,DS,NA,360812.0
22,2008-04-12,DS,NA,135868.0
22,2008-11-22,DS,NA,274797.0
22,2008-11-29,DS,NA,760110.0
22,2008-12-20,DS,NA,816457.0
22,2008-12-27,DS,NA,740400.0
22,2009-01-03,DS,NA,91828.0
22,2009-04-11,DS,NA,459757.0
22,2009-04-18,DS,NA,232663.0
22,2009-11-28,DS,NA,891420.0
22,2009-12-12,DS,NA,626322.0
22,2009-12-26,DS,NA,836679.0
22,2010-04-10,DS,NA,145604.0
22,2010-11-27,DS,NA,841631.0
22,2010-12-04,DS,NA,465909.0
22,2010-12-11,DS,NA,552657.0
22,2010-12-18,DS,NA,627116.0
22,2010-12-25,DS,NA,669265.0
22,2011-04-09,DS,NA,75254.0
22,2011-11-26,DS,NA,235585.0
22,2011-12-10,DS,NA,182127.0
22,2011-12-17,DS,NA,199928.0
22,2011-12-24,DS,NA,200005.0
22,2012-11-24,DS,NA,268266.0
23,2006-12-23,Wii,NA,128728.0
23,2007-05-05,Wii,NA,122642.0
23,2007-05-26,Wii,NA,81974.0
23,2007-12-01,Wii,NA,288811.0
23,2007-12-08,Wii,NA,240012.0
23,2007-12-15,Wii,NA,143967.0
23,2007-12-22,Wii,NA,654029.0
23,2008-01-12,Wii,NA,42728.0
23,2008-02-02,Wii,NA,80731.0
23,2008-02-16,Wii,NA,41501.0
23,2008-02-23,Wii,NA,68708.0
23,2008-03-22,Wii,NA,216423.0
23,2008-05-03,Wii,NA,333130.0
23,2008-05-24,Wii,NA,308891.0
23,2008-06-28,Wii,NA,231165.0
23,2008-11-29,Wii,NA,766179.0
23,2008-12-13,Wii,NA,544245.0
23,2008-12-20,Wii,NA,712341.0
23,2009-01-03,Wii,NA,106425.0
23,2009-01-24,Wii,NA,226247.0
23,2009-01-31,Wii,NA,248405.0
23,2009-02-21,Wii,NA,206765.0
23,2009-05-02,Wii,NA,80279.0
23,2009-05-23,Wii,NA,76709.0
23,2009-06-27,Wii,NA,73823.0
23,2009-11-28,Wii,NA,521456.0
23,2009-12-05,Wii,NA,791002.0
23,2009-12-26,Wii,NA,787468.0
23,2010-01-02,Wii,NA,263121.0
23,2010-12-11,Wii,NA,583539.0
23,2010-12-18,Wii,NA,609032.0
23,2010-12-25,Wii,NA,641466.0
23,2011-11-26,Wii,NA,586387.0
23,2012-12-08,Wii,NA,103693.0
23,2012-12-15,Wii,NA,116932.0
23,2013-11-23,Wii,NA,14419.0
23,2015-11-21,Wii,NA,798.0
24,2006-11-18,PS3,NA,139044.0
24,2006-11-25,PS3,NA,57628.0
24,2006-12-02,PS3,NA,84359.0
24,2006-12-30,PS3,NA,84704.0
24,2007-06-16,PS3,NA,20550.0
24,2007-11-17,PS3,NA,87072.0
24,2007-11-24,PS3,NA,157949.0
24,2007-12-08,PS3,NA,160840.0
24,2007-12-15,PS3,NA,186820.0
24,2007-12-22,PS3,NA,211666.0
24,2007-12-29,PS3,NA,112832.0
24,2008-05-03,PS3,NA,86224.0
24,2008-06-14,PS3,NA,140917.0
24,2008-06-21,PS3,NA,68023.0
24,2008-11-15,PS3,NA,69792.0
24,2008-11-22,PS3,NA,80495.0
24,2008-11-29,PS3,NA,174829.0
24,2008-12-13,PS3,NA,156934.0
24,2008-12-20,PS3,NA,198393.0
24,2008-12-27,PS3,NA,170297.0
24,2009-06-13,PS3,NA,36052.0
24,2009-07-11,PS3,NA,30768.0
24,2009-08-15,PS3,NA,29101.0
24,2009-08-22,PS3,NA,32593.0
24,2009-08-29,PS3,NA,92895.0
24,2009-09-05,PS3,NA,143963.0
24,2009-09-12,PS3,NA,98990.0
24,2009-10-17,PS3,NA,91183.0
24,2009-11-28,PS3,NA,415864.0
24,2009-12-12,PS3,NA,244885.0
24,2009-12-19,PS3,NA,312313.0
24,2009-12-26,PS3,NA,386363.0
24,2010-04-03,PS3,NA,93861.0
24,2010-09-04,PS3,NA,56181.0
24,2010-11-27,PS3,NA,314883.0
24,2010-12-18,PS3,NA,329849.0
24,2010-12-25,PS3,NA,347086.0
24,2011-02-26,PS3,NA,120698.0
24,2011-11-26,PS3,NA,487790.0
24,2011-12-03,PS3,NA,154665.0
24,2012-09-22,PS3,NA,33914.0
24,2012-11-03,PS3,NA,93074.0
24,2012-11-17,PS3,NA,113816.0
24,2012-11-24,PS3,NA,433503.0
24,2012-12-01,PS3,NA,138785.0
24,2012-12-22,PS3,NA,170149.0
24,2013-09-21,PS3,NA,76972.0
24,2013-11-23,PS3,NA,58541.0
24,2013-11-30,PS3,NA,254278.0
24,2013-12-07,PS3,NA,66369.0
24,2014-11-22,PS3,NA,15083.0
24,2014-11-29,PS3,NA,62947.0
24,2015-11-28,PS3,NA,7520.0
24,2017-11-25,PS3,NA,176.0
25,2005-12-10,X360,NA,43016.0
25,2005-12-17,X360,NA,46917.0
25,2005-12-24,X360,NA,48737.0
25,2006-12-09,X360,NA,238773.0
25,2006-12-16,X360,NA,287346.0
25,2006-12-23,X360,NA,332655.0
25,2007-10-06,X360,NA,130736.0
25,2007-11-24,X360,NA,292852.0
25,2007-12-01,X360,NA,178671.0
25,2007-12-29,X360,NA,151634.0
25,2008-11-22,X360,NA,153386.0
25,2008-11-29,X360,NA,404995.0
25,2009-11-28,X360,NA,310113.0
25,2009-12-05,X360,NA,198593.0
25,2009-12-12,X360,NA,260275.0
25,2009-12-19,X360,NA,353204.0
25,2010-06-26,X360,NA,140294.0
25,2010-11-27,X360,NA,599215.0
25,2010-12-18,X360,NA,613022.0
25,2010-12-25,X360,NA,644493.0
25,2011-11-12,X360,NA,310243.0
25,2011-11-26,X360,NA,1011261.0
25,2011-12-03,X360,NA,392614.0
25,2011-12-10,X360,NA,489569.0
25,2011-12-17,X360,NA,581626.0
25,2011-12-24,X360,NA,632689.0
25,2012-11-17,X360,NA,278101.0
25,2012-11-24,X360,NA,900666.0
25,2012-12-15,X360,NA,445777.0
25,2013-11-23,X360,NA,93217.0
25,2013-11-30,X360,NA,307590.0
25,2013-12-14,X360,NA,159238.0
25,2013-12-21,X360,NA,177582.0
25,2014-11-22,X360,NA,12976.0
25,2014-11-29,X360,NA,35626.0
25,2014-12-13,X360,NA,30057.0
25,2014-12-20,X360,NA,33200.0
26,2020-11-21,PS5,EU,785187.0
26,2021-11-20,PS5,EU,104754.0
26,2022-11-19,PS5,EU,97757.0
26,2022-11-26,PS5,EU,161616.0
26,2022-12-03,PS5,EU,147348.0
26,2023-11-04,PS5,EU,267765.0
26,2023-11-18,PS5,EU,396933.0
26,2023-11-25,PS5,EU,720929.0
26,2023-12-02,PS5,EU,255070.0
26,2024-11-23,PS5,EU,380731.0
26,2024-11-30,PS5,EU,855766.0
27,2012-12-01,WiiU,EU,177822.0
27,2012-12-08,WiiU,EU,85927.0
27,2013-06-01,WiiU,EU,5559.0
27,2013-06-08,WiiU,EU,5299.0
27,2013-11-30,WiiU,EU,41324.0
27,2013-12-07,WiiU,EU,44011.0
27,2014-05-31,WiiU,EU,49028.0
27,2014-06-07,WiiU,EU,30455.0
27,2014-06-14,WiiU,EU,20813.0
27,2014-11-29,WiiU,EU,52691.0
27,2015-11-28,WiiU,EU,53130.0
27,2015-12-05,WiiU,EU,55795.0
27,2015-12-12,WiiU,EU,63186.0
27,2015-12-19,WiiU,EU,71229.0
27,2015-12-26,WiiU,EU,76891.0
27,2016-01-02,WiiU,EU,33881.0
27,2016-12-17,WiiU,EU,19124.0
27,2016-12-24,WiiU,EU,18645.0
28,2020-11-14,XS,EU,342697.0
28,2020-11-28,XS,EU,67708.0
28,2020-12-05,XS,EU,66052.0
28,2020-12-12,XS,EU,66207.0
28,2020-12-19,XS,EU,74564.0
28,2020-12-26,XS,EU,69449.0
28,2021-11-13,XS,EU,62730.0
28,2021-11-27,XS,EU,121931.0
28,2021-12-04,XS,EU,103817.0
28,2021-12-11,XS,EU,110321.0
28,2021-12-18,XS,EU,118450.0
28,2021-12-25,XS,EU,121655.0
28,2022-01-01,XS,EU,75748.0
28,2022-11-12,XS,EU,45468.0
28,2022-11-26,XS,EU,132894.0
28,2023-11-25,XS,EU,114422.0
28,2023-12-02,XS,EU,66548.0
28,2023-12-23,XS,EU,87818.0
28,2024-11-09,XS,EU,23843.0
28,2024-11-23,XS,EU,35312.0
28,2024-12-21,XS,EU,39901.0
29,2017-03-04,NS,EU,439199.0
29,2017-11-25,NS,EU,164229.0
29,2017-12-09,NS,EU,193363.0
29,2017-12-23,NS,EU,283881.0
29,2018-03-03,NS,EU,49522.0
29,2018-11-24,NS,EU,303275.0
29,2018-12-01,NS,EU,239045.0
29,2018-12-08,NS,EU,308569.0
29,2018-12-15,NS,EU,331893.0
29,2018-12-22,NS,EU,391193.0
29,2019-03-02,NS,EU,57541.0
29,2019-09-21,NS,EU,139778.0
29,2019-11-30,NS,EU,566904.0
29,2019-12-28,NS,EU,180997.0
29,2020-01-04,NS,EU,69816.0
29,2020-03-21,NS,EU,165891.0
29,2020-04-11,NS,EU,210427.0
29,2021-10-09,NS,EU,229892.0
29,2021-11-27,NS,EU,519772.0
29,2023-04-29,NS,EU,135315.0
29,2023-11-25,NS,EU,317050.0
29,2023-12-02,NS,EU,225103.0
29,2024-11-23,NS,EU,97784.0
30,2012-02-25,PSV,EU,167459.0
30,2012-03-03,PSV,EU,45081.0
30,2012-12-22,PSV,EU,44765.0
30,2012-12-29,PSV,EU,32670.0
30,2013-02-23,PSV,EU,9237.0
30,2013-03-02,PSV,EU,9023.0
30,2013-11-16,PSV,EU,17744.0
30,2013-11-23,PSV,EU,21423.0
30,2013-12-28,PSV,EU,39467.0
30,2014-02-22,PSV,EU,10353.0
30,2014-11-22,PSV,EU,28499.0
30,2014-11-29,PSV,EU,38120.0
30,2014-12-06,PSV,EU,40020.0
30,2014-12-13,PSV,EU,43194.0
30,2014-12-20,PSV,EU,43486.0
30,2015-11-28,PSV,EU,10663.0
30,2015-12-05,PSV,EU,10984.0
30,2015-12-12,PSV,EU,11985.0
30,2015-12-19,PSV,EU,13174.0
31,2005-09-03,PSP,EU,568814.0
31,2005-09-10,PSP,EU,149887.0
31,2005-11-12,PSP,EU,51718.0
31,2006-09-02,PSP,EU,33960.0
31,2006-09-09,PSP,EU,32756.0
31,2006-09-16,PSP,EU,31533.0
31,2006-11-11,PSP,EU,60154.0
31,2006-12-02,PSP,EU,117135.0
31,2006-12-30,PSP,EU,98572.0
31,2007-05-05,PSP,EU,101357.0
31,2007-05-12,PSP,EU,100728.0
31,2007-05-19,PSP,EU,89768.0
31,2007-05-26,PSP,EU,81905.0
31,2007-06-02,PSP,EU,80013.0
31,2007-09-01,PSP,EU,43395.0
31,2007-09-08,PSP,EU,40803.0
31,2007-09-15,PSP,EU,110300.0
31,2007-09-22,PSP,EU,113301.0
31,2007-09-29,PSP,EU,107339.0
31,2007-10-06,PSP,EU,96453.0
31,2007-10-13,PSP,EU,84900.0
31,2007-10-20,PSP,EU,75932.0
31,2007-12-29,PSP,EU,181918.0
31,2008-05-10,PSP,EU,44349.0
31,2008-05-17,PSP,EU,43206.0
31,2008-08-16,PSP,EU,63475.0
31,2008-08-23,PSP,EU,62499.0
31,2008-09-13,PSP,EU,34401.0
31,2008-09-20,PSP,EU,33919.0
31,2009-01-03,PSP,EU,135524.0
31,2009-11-28,PSP,EU,114240.0
31,2011-01-08,PSP,EU,128785.0
31,2011-05-07,PSP,EU,65363.0
31,2011-11-26,PSP,EU,54124.0
31,2011-12-31,PSP,EU,56844.0
31,2013-11-16,PSP,EU,51726.0
31,2013-11-23,PSP,EU,62997.0
31,2013-11-30,PSP,EU,67197.0
31,2013-12-07,PSP,EU,80814.0
31,2013-12-28,PSP,EU,74941.0
32,2013-11-23,XOne,EU,311590.0
32,2013-11-30,XOne,EU,98381.0
32,2013-12-07,XOne,EU,87247.0
32,2013-12-14,XOne,EU,83643.0
32,2013-12-21,XOne,EU,86205.0
32,2013-12-28,XOne,EU,64973.0
32,2014-09-06,XOne,EU,84205.0
32,2014-09-27,XOne,EU,90143.0
32,2014-11-22,XOne,EU,113386.0
32,2014-11-29,XOne,EU,187938.0
32,2014-12-06,XOne,EU,155701.0
32,2014-12-13,XOne,EU,148569.0
32,2014-12-20,XOne,EU,163447.0
32,2015-09-05,XOne,EU,29007.0
32,2015-11-21,XOne,EU,80627.0
32,2015-11-28,XOne,EU,215607.0
32,2015-12-05,XOne,EU,180910.0
32,2015-12-12,XOne,EU,175675.0
32,2015-12-19,XOne,EU,186555.0
32,2015-12-26,XOne,EU,193861.0
32,2016-10-15,XOne,EU,71722.0
32,2016-11-26,XOne,EU,137842.0
32,2016-12-03,XOne,EU,121683.0
32,2017-11-11,XOne,EU,142360.0
32,2017-12-02,XOne,EU,114149.0
32,2018-11-24,XOne,EU,195268.0
32,2018-12-08,XOne,EU,129777.0
32,2018-12-15,XOne,EU,135722.0
32,2018-12-22,XOne,EU,154359.0
32,2019-11-23,XOne,EU,64368.0
32,2019-11-30,XOne,EU,177492.0
32,2020-11-21,XOne,EU,13019.0
32,2020-11-28,XOne,EU,25809.0
32,2020-12-12,XOne,EU,24787.0
32,2020-12-19,XOne,EU,27347.0
32,2022-11-19,XOne,EU,8.0
33,2013-11-30,PS4,EU,706948.0
33,2013-12-07,PS4,EU,180726.0
33,2013-12-14,PS4,EU,185763.0
33,2013-12-21,PS4,EU,259942.0
33,2014-09-13,PS4,EU,180950.0
33,2014-09-27,PS4,EU,240286.0
33,2014-11-15,PS4,EU,220549.0
33,2014-11-22,PS4,EU,275468.0
33,2014-11-29,PS4,EU,426074.0
33,2014-12-06,PS4,EU,373318.0
33,2014-12-13,PS4,EU,350221.0
33,2014-12-20,PS4,EU,381111.0
33,2014-12-27,PS4,EU,253144.0
33,2015-09-12,PS4,EU,88709.0
33,2015-10-03,PS4,EU,112869.0
33,2015-11-07,PS4,EU,253923.0
33,2015-11-21,PS4,EU,320347.0
33,2015-11-28,PS4,EU,447444.0
33,2015-12-05,PS4,EU,372997.0
33,2015-12-26,PS4,EU,393990.0
33,2016-09-10,PS4,EU,98323.0
33,2016-09-24,PS4,EU,109707.0
33,2016-11-12,PS4,EU,319697.0
33,2016-12-10,PS4,EU,399273.0
33,2016-12-17,PS4,EU,400386.0
33,2016-12-24,PS4,EU,435062.0
33,2018-11-17,PS4,EU,232104.0
33,2018-11-24,PS4,EU,397520.0
33,2018-12-15,PS4,EU,298267.0
33,2019-11-23,PS4,EU,141748.0
33,2019-11-30,PS4,EU,286429.0
33,2019-12-21,PS4,EU,242493.0
33,2020-03-21,PS4,EU,102132.0
33,2020-03-28,PS4,EU,107150.0
33,2020-04-04,PS4,EU,107057.0
33,2020-04-11,PS4,EU,129053.0
33,2020-04-18,PS4,EU,109188.0
33,2020-04-25,PS4,EU,101976.0
33,2020-11-21,PS4,EU,47798.0
33,2020-11-28,PS4,EU,60548.0
33,2020-12-05,PS4,EU,56395.0
33,2020-12-12,PS4,EU,53915.0
33,2020-12-19,PS4,EU,59191.0
34,2011-03-26,3DS,EU,330262.0
34,2011-04-02,3DS,EU,111107.0
34,2011-07-30,3DS,EU,18932.0
34,2011-08-06,3DS,EU,14842.0
34,2011-10-15,3DS,EU,37788.0
34,2011-10-29,3DS,EU,55638.0
34,2012-03-24,3DS,EU,29990.0
34,2012-03-31,3DS,EU,35692.0
34,2012-07-28,3DS,EU,78688.0
34,2012-08-04,3DS,EU,81785.0
34,2012-09-22,3DS,EU,56031.0
34,2013-01-05,3DS,EU,60421.0
34,2013-03-23,3DS,EU,24498.0
34,2013-06-15,3DS,EU,65813.0
34,2013-10-12,3DS,EU,96480.0
34,2013-10-19,3DS,EU,97951.0
34,2013-10-26,3DS,EU,104573.0
34,2013-11-02,3DS,EU,106104.0
34,2013-11-09,3DS,EU,111355.0
34,2013-11-16,3DS,EU,122142.0
34,2013-12-21,3DS,EU,234163.0
34,2013-12-28,3DS,EU,192626.0
34,2014-01-04,3DS,EU,96586.0
34,2014-02-15,3DS,EU,34306.0
34,2014-12-06,3DS,EU,116733.0
34,2014-12-13,3DS,EU,127804.0
34,2014-12-20,3DS,EU,142484.0
34,2014-12-27,3DS,EU,96842.0
34,2015-02-14,3DS,EU,113273.0
34,2015-02-21,3DS,EU,76719.0
34,2015-02-28,3DS,EU,57374.0
34,2015-03-07,3DS,EU,50618.0
34,2015-11-28,3DS,EU,131475.0
34,2015-12-12,3DS,EU,106181.0
34,2016-11-26,3DS,EU,183760.0
34,2016-12-03,3DS,EU,141261.0
34,2017-02-18,3DS,EU,65566.0
34,2017-12-23,3DS,EU,134201.0
35,2005-03-12,DS,EU,299675.0
35,2006-03-11,DS,EU,51526.0
35,2006-06-24,DS,EU,169588.0
35,2006-11-25,DS,EU,210877.0
35,2006-12-30,DS,EU,173219.0
35,2007-11-24,DS,EU,494962.0
35,2007-12-01,DS,EU,611603.0
35,2007-12-15,DS,EU,679987.0
35,2007-12-22,DS,EU,724873.0
35,2008-01-05,DS,EU,106810.0
35,2008-12-06,DS,EU,644735.0
35,2008-12-20,DS,EU,772326.0
35,2008-12-27,DS,EU,541780.0
35,2009-01-03,DS,EU,348756.0
35,2009-04-04,DS,EU,382732.0
35,2009-04-11,DS,EU,287993.0
35,2009-12-26,DS,EU,504887.0
35,2011-12-10,DS,EU,94900.0
35,2011-12-17,DS,EU,107137.0
36,2006-12-16,Wii,EU,141560.0
36,2006-12-23,Wii,EU,155325.0
36,2007-11-24,Wii,EU,168716.0
36,2007-12-01,Wii,EU,273377.0
36,2007-12-08,Wii,EU,313765.0
36,2007-12-22,Wii,EU,431209.0
36,2008-01-05,Wii,EU,40812.0
36,2008-01-12,Wii,EU,68008.0
36,2008-05-03,Wii,EU,168371.0
36,2008-12-13,Wii,EU,489516.0
36,2008-12-20,Wii,EU,535657.0
36,2008-12-27,Wii,EU,432219.0
36,2009-01-03,Wii,EU,287574.0
36,2009-11-21,Wii,EU,275457.0
36,2009-11-28,Wii,EU,363866.0
36,2009-12-12,Wii,EU,491196.0
36,2009-12-19,Wii,EU,602286.0
36,2009-12-26,Wii,EU,522044.0
36,2010-01-02,Wii,EU,334682.0
36,2010-01-09,Wii,EU,229440.0
36,2010-12-04,Wii,EU,368016.0
36,2010-12-11,Wii,EU,422658.0
36,2010-12-18,Wii,EU,473421.0
36,2010-12-25,Wii,EU,440775.0
36,2012-12-08,Wii,EU,69985.0
36,2012-12-15,Wii,EU,85226.0
36,2012-12-22,Wii,EU,89239.0
37,2007-03-24,PS3,EU,516123.0
37,2007-05-05,PS3,EU,32061.0
37,2007-09-08,PS3,EU,31091.0
37,2007-09-15,PS3,EU,30950.0
37,2007-12-22,PS3,EU,312567.0
37,2008-03-22,PS3,EU,74726.0
37,2008-05-03,PS3,EU,101552.0
37,2008-05-10,PS3,EU,71944.0
37,2008-06-28,PS3,EU,63217.0
37,2008-08-23,PS3,EU,66026.0
37,2008-08-30,PS3,EU,76492.0
37,2008-12-06,PS3,EU,182006.0
37,2008-12-13,PS3,EU,209038.0
37,2008-12-20,PS3,EU,227432.0
37,2009-03-21,PS3,EU,35016.0
37,2009-09-05,PS3,EU,215053.0
37,2009-09-12,PS3,EU,131334.0
37,2009-09-19,PS3,EU,114378.0
37,2009-09-26,PS3,EU,98260.0
37,2009-10-03,PS3,EU,128196.0
37,2009-11-14,PS3,EU,196965.0
37,2009-11-21,PS3,EU,179466.0
37,2009-12-05,PS3,EU,258926.0
37,2009-12-26,PS3,EU,300317.0
37,2010-09-04,PS3,EU,53338.0
37,2010-09-11,PS3,EU,46944.0
37,2011-12-17,PS3,EU,274142.0
37,2011-12-24,PS3,EU,291788.0
37,2012-09-22,PS3,EU,41600.0
37,2012-11-17,PS3,EU,125657.0
37,2012-11-24,PS3,EU,256023.0
37,2013-09-21,PS3,EU,126518.0
37,2013-09-28,PS3,EU,78740.0
37,2013-11-23,PS3,EU,60683.0
37,2013-11-30,PS3,EU,67003.0
37,2014-09-20,PS3,EU,17353.0
38,2005-12-10,X360,EU,231802.0
38,2005-12-24,X360,EU,71198.0
38,2006-12-09,X360,EU,110930.0
38,2006-12-30,X360,EU,57641.0
38,2007-08-25,X360,EU,46396.0
38,2007-09-29,X360,EU,63672.0
38,2007-11-10,X360,EU,39189.0
38,2007-11-17,X360,EU,48772.0
38,2007-11-24,X360,EU,63357.0
38,2007-12-01,X360,EU,92013.0
38,2007-12-08,X360,EU,125055.0
38,2007-12-29,X360,EU,115313.0
38,2008-01-05,X360,EU,62378.0
38,2008-03-22,X360,EU,75420.0
38,2008-03-29,X360,EU,71536.0
38,2008-04-05,X360,EU,66400.0
38,2008-05-03,X360,EU,100672.0
38,2008-05-10,X360,EU,78381.0
38,2008-05-17,X360,EU,64166.0
38,2008-07-19,X360,EU,36711.0
38,2008-11-08,X360,EU,121218.0
38,2008-11-22,X360,EU,172264.0
38,2008-11-29,X360,EU,224814.0
38,2008-12-06,X360,EU,254443.0
38,2008-12-13,X360,EU,275285.0
38,2008-12-20,X360,EU,312143.0
38,2008-12-27,X360,EU,285369.0
38,2009-01-03,X360,EU,169217.0
38,2009-05-02,X360,EU,41674.0
38,2009-07-18,X360,EU,35290.0
38,2009-11-14,X360,EU,192422.0
38,2009-11-21,X360,EU,165970.0
38,2009-12-12,X360,EU,196470.0
38,2009-12-19,X360,EU,226276.0
38,2010-07-17,X360,EU,191638.0
38,2010-07-24,X360,EU,98283.0
38,2010-07-31,X360,EU,81192.0
38,2010-09-18,X360,EU,85266.0
38,2010-12-04,X360,EU,223462.0
38,2010-12-11,X360,EU,245301.0
38,2010-12-18,X360,EU,263301.0
38,2010-12-25,X360,EU,284002.0
38,2011-01-01,X360,EU,190332.0
38,2011-01-08,X360,EU,136234.0
38,2011-07-09,X360,EU,67666.0
38,2011-07-16,X360,EU,54717.0
38,2013-12-28,X360,EU,81344.0
38,2014-12-27,X360,EU,9920.0
39,2020-11-14,PS5,Japan,118671.0
39,2021-11-13,PS5,Japan,4917.0
39,2022-01-01,PS5,Japan,46706.0
39,2022-11-12,PS5,Japan,28727.0
39,2022-12-17,PS5,Japan,70532.0
39,2023-02-04,PS5,Japan,93037.0
39,2023-02-11,PS5,Japan,93587.0
39,2023-02-18,PS5,Japan,88665.0
39,2023-02-25,PS5,Japan,91741.0
39,2023-06-24,PS5,Japan,85394.0
39,2024-03-02,PS5,Japan,48079.0
40,2012-12-08,WiiU,Japan,306462.0
40,2013-12-07,WiiU,Japan,48242.0
40,2013-12-21,WiiU,Japan,114516.0
40,2014-11-01,WiiU,Japan,4164.0
40,2014-12-06,WiiU,Japan,25443.0
40,2014-12-13,WiiU,Japan,28819.0
40,2014-12-20,WiiU,Japan,37946.0
40,2014-12-27,WiiU,Japan,46565.0
40,2015-12-12,WiiU,Japan,47762.0
40,2015-12-19,WiiU,Japan,79872.0
40,2015-12-26,WiiU,Japan,103885.0
40,2016-01-02,WiiU,Japan,55556.0
40,2016-12-17,WiiU,Japan,4814.0
40,2016-12-24,WiiU,Japan,8335.0
41,2020-11-14,XS,Japan,20993.0
41,2021-11-13,XS,Japan,2601.0
41,2022-06-04,XS,Japan,11627.0
41,2022-07-02,XS,Japan,12598.0
41,2022-08-27,XS,Japan,16772.0
41,2022-09-17,XS,Japan,14089.0
41,2022-11-26,XS,Japan,11948.0
41,2023-02-04,XS,Japan,14632.0
41,2023-06-17,XS,Japan,12989.0
42,2017-03-04,NS,Japan,330121.0
42,2018-03-03,NS,Japan,37874.0
42,2018-12-08,NS,Japan,269595.0
42,2019-09-21,NS,Japan,230060.0
42,2019-09-28,NS,Japan,189285.0
42,2020-03-21,NS,Japan,380279.0
42,2020-03-28,NS,Japan,277053.0
42,2021-03-20,NS,Japan,89484.0
42,2021-03-27,NS,Japan,267948.0
42,2022-09-10,NS,Japan,182896.0
43,2011-12-17,PSV,Japan,322488.0
43,2011-12-24,PSV,Japan,72104.0
43,2012-03-03,PSV,Japan,10208.0
43,2012-03-10,PSV,Japan,9944.0
43,2012-03-17,PSV,Japan,9846.0
43,2012-03-24,PSV,Japan,10507.0
43,2012-03-31,PSV,Japan,12269.0
43,2012-06-16,PSV,Japan,33837.0
43,2012-09-01,PSV,Japan,53588.0
43,2012-10-13,PSV,Japan,6601.0
43,2012-11-17,PSV,Japan,12223.0
43,2012-12-15,PSV,Japan,13849.0
43,2012-12-22,PSV,Japan,20160.0
43,2012-12-29,PSV,Japan,19328.0
43,2013-01-05,PSV,Japan,31837.0
43,2013-03-02,PSV,Japan,59897.0
43,2013-03-09,PSV,Japan,59444.0
43,2013-03-16,PSV,Japan,33784.0
43,2013-03-23,PSV,Japan,37825.0
43,2013-06-15,PSV,Japan,11179.0
43,2013-08-31,PSV,Japan,8792.0
43,2013-09-28,PSV,Japan,6185.0
43,2013-10-05,PSV,Japan,3638.0
43,2013-10-12,PSV,Japan,54790.0
43,2013-11-16,PSV,Japan,85754.0
43,2013-12-14,PSV,Japan,36997.0
43,2013-12-28,PSV,Japan,79975.0
43,2014-01-04,PSV,Japan,79736.0
43,2014-03-01,PSV,Japan,22097.0
43,2014-03-29,PSV,Japan,41462.0
43,2014-07-12,PSV,Japan,37690.0
43,2014-07-19,PSV,Japan,29322.0
43,2014-10-11,PSV,Japan,9296.0
43,2014-11-15,PSV,Japan,19139.0
43,2014-12-27,PSV,Japan,37789.0
43,2015-02-21,PSV,Japan,34305.0
43,2015-12-26,PSV,Japan,64166.0
43,2016-01-02,PSV,Japan,67572.0
43,2016-01-30,PSV,Japan,43739.0
43,2016-12-24,PSV,Japan,59142.0
43,2017-01-07,PSV,Japan,41031.0
43,2017-12-23,PSV,Japan,10667.0
44,2004-12-11,PSP,Japan,163812.0
44,2004-12-25,PSP,Japan,98771.0
44,2005-01-08,PSP,Japan,58981.0
44,2005-09-24,PSP,Japan,46446.0
44,2005-12-03,PSP,Japan,85780.0
44,2005-12-24,PSP,Japan,152429.0
44,2006-01-07,PSP,Japan,129532.0
44,2006-08-05,PSP,Japan,44470.0
44,2006-08-12,PSP,Japan,43286.0
44,2006-09-16,PSP,Japan,26983.0
44,2006-09-23,PSP,Japan,23226.0
44,2006-11-18,PSP,Japan,16363.0
44,2006-12-02,PSP,Japan,25380.0
44,2006-12-09,PSP,Japan,28868.0
44,2006-12-16,PSP,Japan,52417.0
44,2006-12-30,PSP,Japan,65065.0
44,2007-02-24,PSP,Japan,97322.0
44,2007-08-04,PSP,Japan,31828.0
44,2007-08-11,PSP,Japan,29361.0
44,2007-08-18,PSP,Japan,32140.0
44,2007-08-25,PSP,Japan,23909.0
44,2007-09-01,PSP,Japan,22106.0
44,2007-09-08,PSP,Japan,15857.0
44,2007-09-15,PSP,Japan,97700.0
44,2007-09-22,PSP,Japan,272673.0
44,2007-09-29,PSP,Japan,115947.0
44,2007-10-06,PSP,Japan,86351.0
44,2007-12-15,PSP,Japan,172110.0
44,2007-12-29,PSP,Japan,160436.0
44,2008-01-05,PSP,Japan,204574.0
44,2008-02-23,PSP,Japan,51929.0
44,2008-03-08,PSP,Japan,60244.0
44,2008-03-29,PSP,Japan,135125.0
44,2008-04-05,PSP,Japan,117532.0
44,2008-04-12,PSP,Japan,88274.0
44,2008-04-26,PSP,Japan,96156.0
44,2008-07-19,PSP,Japan,74572.0
44,2008-09-13,PSP,Japan,27906.0
44,2008-09-20,PSP,Japan,27169.0
44,2008-09-27,PSP,Japan,25181.0
44,2008-10-04,PSP,Japan,24869.0
44,2008-10-11,PSP,Japan,21753.0
44,2008-10-18,PSP,Japan,156939.0
44,2008-12-06,PSP,Japan,51581.0
44,2008-12-13,PSP,Japan,69819.0
44,2009-01-10,PSP,Japan,66489.0
44,2009-03-21,PSP,Japan,63953.0
44,2009-09-19,PSP,Japan,21730.0
44,2009-10-03,PSP,Japan,53585.0
44,2009-10-17,PSP,Japan,36580.0
44,2009-10-31,PSP,Japan,67613.0
44,2009-11-21,PSP,Japan,37901.0
44,2009-12-05,PSP,Japan,71079.0
44,2009-12-12,PSP,Japan,75473.0
44,2009-12-19,PSP,Japan,82563.0
44,2009-12-26,PSP,Japan,113004.0
44,2010-01-02,PSP,Japan,147986.0
44,2010-01-09,PSP,Japan,151699.0
44,2010-01-16,PSP,Japan,75017.0
44,2010-11-20,PSP,Japan,97193.0
44,2010-12-04,PSP,Japan,328711.0
44,2010-12-11,PSP,Japan,152234.0
44,2010-12-18,PSP,Japan,156668.0
44,2010-12-25,PSP,Japan,179573.0
44,2011-01-01,PSP,Japan,93215.0
44,2011-01-08,PSP,Japan,32133.0
44,2011-01-15,PSP,Japan,28997.0
44,2011-02-12,PSP,Japan,107609.0
44,2011-03-19,PSP,Japan,22885.0
44,2011-12-03,PSP,Japan,38783.0
44,2012-02-11,PSP,Japan,15960.0
44,2012-12-01,PSP,Japan,14946.0
45,2014-09-06,XOne,Japan,24795.0
45,2014-09-13,XOne,Japan,3336.0
45,2014-10-18,XOne,Japan,709.0
45,2014-10-25,XOne,Japan,904.0
45,2014-11-01,XOne,Japan,941.0
45,2014-11-08,XOne,Japan,665.0
45,2014-11-22,XOne,Japan,981.0
45,2014-12-13,XOne,Japan,833.0
45,2014-12-27,XOne,Japan,996.0
45,2015-01-03,XOne,Japan,756.0
45,2015-02-07,XOne,Japan,250.0
45,2015-09-05,XOne,Japan,149.0
45,2015-09-12,XOne,Japan,163.0
45,2015-10-24,XOne,Japan,919.0
45,2015-10-31,XOne,Japan,475.0
45,2015-11-07,XOne,Japan,690.0
45,2015-11-21,XOne,Japan,714.0
45,2016-01-02,XOne,Japan,563.0
45,2016-02-06,XOne,Japan,329.0
45,2016-09-03,XOne,Japan,123.0
45,2016-10-15,XOne,Japan,584.0
45,2016-10-22,XOne,Japan,789.0
45,2016-11-12,XOne,Japan,170.0
45,2016-12-10,XOne,Japan,954.0
45,2017-05-06,XOne,Japan,603.0
45,2017-10-21,XOne,Japan,77.0
45,2017-11-11,XOne,Japan,1503.0
45,2017-12-16,XOne,Japan,2216.0
45,2018-01-27,XOne,Japan,1834.0
45,2018-07-21,XOne,Japan,694.0
45,2018-10-06,XOne,Japan,986.0
45,2019-01-26,XOne,Japan,101.0
45,2019-11-30,XOne,Japan,859.0
46,2014-02-22,PS4,Japan,319689.0
46,2014-09-06,PS4,Japan,6797.0
46,2014-10-04,PS4,Japan,7053.0
46,2014-12-06,PS4,Japan,14479.0
46,2015-02-21,PS4,Japan,23807.0
46,2015-03-21,PS4,Japan,46794.0
46,2015-03-28,PS4,Japan,46317.0
46,2015-09-05,PS4,Japan,54468.0
46,2015-09-19,PS4,Japan,9521.0
46,2015-10-03,PS4,Japan,44692.0
46,2015-12-12,PS4,Japan,39356.0
46,2016-02-20,PS4,Japan,28667.0
46,2016-02-27,PS4,Japan,26405.0
46,2016-07-30,PS4,Japan,22051.0
46,2016-09-03,PS4,Japan,17105.0
46,2016-09-10,PS4,Japan,15455.0
46,2016-09-17,PS4,Japan,96387.0
46,2016-09-24,PS4,Japan,49381.0
46,2016-11-12,PS4,Japan,103352.0
46,2016-12-03,PS4,Japan,128157.0
46,2016-12-10,PS4,Japan,105990.0
46,2016-12-17,PS4,Japan,87026.0
46,2016-12-24,PS4,Japan,114390.0
46,2016-12-31,PS4,Japan,97955.0
46,2017-01-28,PS4,Japan,41746.0
46,2017-02-04,PS4,Japan,36125.0
46,2017-02-11,PS4,Japan,27153.0
46,2017-07-29,PS4,Japan,93689.0
46,2017-08-05,PS4,Japan,52907.0
46,2017-09-16,PS4,Japan,24853.0
46,2017-11-11,PS4,Japan,26621.0
46,2017-12-02,PS4,Japan,33421.0
46,2017-12-23,PS4,Japan,68231.0
46,2017-12-30,PS4,Japan,47705.0
46,2018-01-20,PS4,Japan,49169.0
46,2018-01-27,PS4,Japan,139067.0
46,2018-02-03,PS4,Japan,110085.0
46,2018-02-10,PS4,Japan,70637.0
46,2018-07-28,PS4,Japan,18252.0
46,2018-12-15,PS4,Japan,83892.0
46,2019-01-05,PS4,Japan,119033.0
46,2019-02-02,PS4,Japan,25890.0
46,2019-04-13,PS4,Japan,10061.0
46,2019-09-07,PS4,Japan,32964.0
46,2019-12-14,PS4,Japan,10970.0
46,2019-12-21,PS4,Japan,105995.0
46,2019-12-28,PS4,Japan,80782.0
46,2020-01-04,PS4,Japan,39661.0
46,2020-01-25,PS4,Japan,6522.0
46,2020-02-01,PS4,Japan,6139.0
46,2020-04-11,PS4,Japan,78501.0
46,2020-04-18,PS4,Japan,34166.0
46,2020-04-25,PS4,Japan,32963.0
46,2020-12-19,PS4,Japan,10318.0
46,2020-12-26,PS4,Japan,12824.0
46,2021-04-10,PS4,Japan,1448.0
47,2011-02-26,3DS,Japan,374164.0
47,2011-03-05,3DS,Japan,208479.0
47,2011-04-02,3DS,Japan,43208.0
47,2011-07-30,3DS,Japan,16165.0
47,2011-08-06,3DS,Japan,3928.0
47,2011-08-13,3DS,Japan,206065.0
47,2011-09-17,3DS,Japan,60723.0
47,2011-10-15,3DS,Japan,54907.0
47,2011-11-12,3DS,Japan,97241.0
47,2011-11-19,3DS,Japan,89878.0
47,2011-12-03,3DS,Japan,209347.0
47,2011-12-10,3DS,Japan,365978.0
47,2012-01-07,3DS,Japan,244631.0
47,2012-02-11,3DS,Japan,68541.0
47,2012-02-25,3DS,Japan,75123.0
47,2012-03-03,3DS,Japan,68423.0
47,2012-03-31,3DS,Japan,119064.0
47,2012-04-21,3DS,Japan,85298.0
47,2012-05-05,3DS,Japan,95409.0
47,2012-06-02,3DS,Japan,99949.0
47,2012-07-28,3DS,Japan,239273.0
47,2012-08-04,3DS,Japan,122934.0
47,2012-08-11,3DS,Japan,104376.0
47,2012-09-15,3DS,Japan,57108.0
47,2012-09-22,3DS,Japan,60351.0
47,2012-10-13,3DS,Japan,81960.0
47,2012-10-20,3DS,Japan,60500.0
47,2012-10-27,3DS,Japan,62922.0
47,2012-11-03,3DS,Japan,87466.0
47,2012-11-10,3DS,Japan,178637.0
47,2012-11-17,3DS,Japan,164358.0
47,2012-11-24,3DS,Japan,162117.0
47,2012-12-08,3DS,Japan,213146.0
47,2012-12-29,3DS,Japan,258034.0
47,2013-01-05,3DS,Japan,294665.0
47,2013-02-09,3DS,Japan,135407.0
47,2013-02-23,3DS,Japan,74746.0
47,2013-07-27,3DS,Japan,56260.0
47,2013-08-10,3DS,Japan,57682.0
47,2013-09-07,3DS,Japan,79183.0
47,2013-09-14,3DS,Japan,284331.0
47,2013-09-21,3DS,Japan,168359.0
47,2013-09-28,3DS,Japan,136122.0
47,2013-10-05,3DS,Japan,120325.0
47,2013-10-12,3DS,Japan,229058.0
47,2013-10-19,3DS,Japan,159037.0
47,2013-10-26,3DS,Japan,115058.0
47,2013-11-09,3DS,Japan,77387.0
47,2013-11-16,3DS,Japan,64766.0
47,2013-11-23,3DS,Japan,77372.0
47,2013-11-30,3DS,Japan,103268.0
47,2013-12-07,3DS,Japan,125000.0
47,2013-12-14,3DS,Japan,182193.0
47,2013-12-21,3DS,Japan,240390.0
47,2014-01-04,3DS,Japan,184135.0
47,2014-07-12,3DS,Japan,59678.0
47,2014-09-13,3DS,Japan,42898.0
47,2014-09-20,3DS,Japan,44875.0
47,2014-09-27,3DS,Japan,31276.0
47,2014-10-04,3DS,Japan,22766.0
47,2014-10-11,3DS,Japan,258467.0
47,2014-10-18,3DS,Japan,114769.0
47,2014-10-25,3DS,Japan,98318.0
47,2015-09-12,3DS,Japan,26391.0
47,2015-10-10,3DS,Japan,22616.0
47,2015-10-17,3DS,Japan,23242.0
47,2015-10-24,3DS,Japan,20464.0
47,2015-11-21,3DS,Japan,34845.0
47,2015-11-28,3DS,Japan,132179.0
47,2016-07-30,3DS,Japan,27087.0
47,2016-11-19,3DS,Japan,110622.0
47,2016-12-24,3DS,Japan,204128.0
47,2017-01-07,3DS,Japan,105360.0
47,2017-07-15,3DS,Japan,56703.0
47,2017-07-29,3DS,Japan,141092.0
47,2017-08-05,3DS,Japan,60985.0
47,2018-07-28,3DS,Japan,8659.0
48,2004-12-04,DS,Japan,458825.0
48,2004-12-18,DS,Japan,222728.0
48,2004-12-25,DS,Japan,338120.0
48,2005-01-08,DS,Japan,121302.0
48,2005-01-15,DS,Japan,56708.0
48,2005-01-22,DS,Japan,46317.0
48,2005-02-05,DS,Japan,32762.0
48,2005-02-12,DS,Japan,28726.0
48,2005-04-30,DS,Japan,65896.0
48,2005-05-28,DS,Japan,42100.0
48,2005-07-23,DS,Japan,43845.0
48,2005-10-01,DS,Japan,42726.0
48,2005-12-03,DS,Japan,167556.0
48,2005-12-17,DS,Japan,398435.0
48,2005-12-24,DS,Japan,603201.0
48,2005-12-31,DS,Japan,410218.0
48,2006-01-07,DS,Japan,109537.0
48,2006-01-14,DS,Japan,46775.0
48,2006-01-21,DS,Japan,56992.0
48,2006-02-04,DS,Japan,22662.0
48,2006-02-11,DS,Japan,10291.0
48,2006-02-18,DS,Japan,51512.0
48,2006-02-25,DS,Japan,43765.0
48,2006-04-01,DS,Japan,211211.0
48,2006-04-08,DS,Japan,213075.0
48,2006-04-15,DS,Japan,188775.0
48,2006-04-29,DS,Japan,278929.0
48,2006-05-20,DS,Japan,176122.0
48,2006-05-27,DS,Japan,296993.0
48,2006-06-17,DS,Japan,203269.0
48,2006-07-22,DS,Japan,256866.0
48,2006-08-19,DS,Japan,75704.0
48,2006-09-02,DS,Japan,232747.0
48,2006-09-30,DS,Japan,276839.0
48,2006-12-02,DS,Japan,180703.0
48,2006-12-30,DS,Japan,179134.0
48,2007-01-06,DS,Japan,327729.0
48,2007-01-13,DS,Japan,99378.0
48,2007-02-10,DS,Japan,184539.0
48,2007-03-31,DS,Japan,82612.0
48,2007-04-28,DS,Japan,239962.0
48,2007-05-05,DS,Japan,254013.0
48,2007-05-12,DS,Japan,163212.0
48,2007-06-23,DS,Japan,164796.0
48,2007-08-18,DS,Japan,159998.0
48,2007-09-29,DS,Japan,72312.0
48,2007-12-22,DS,Japan,298659.0
48,2008-01-05,DS,Japan,288682.0
48,2008-04-26,DS,Japan,40919.0
48,2008-05-03,DS,Japan,48914.0
48,2008-11-01,DS,Japan,188471.0
48,2008-11-08,DS,Japan,109443.0
48,2008-12-27,DS,Japan,258293.0
48,2009-07-11,DS,Japan,141074.0
48,2009-10-31,DS,Japan,42528.0
48,2009-11-21,DS,Japan,138572.0
48,2010-12-25,DS,Japan,203231.0
48,2011-12-17,DS,Japan,9062.0
48,2011-12-24,DS,Japan,14489.0
49,2006-12-02,Wii,Japan,362592.0
49,2006-12-16,Wii,Japan,105517.0
49,2006-12-30,Wii,Japan,107674.0
49,2007-01-06,Wii,Japan,171626.0
49,2007-02-03,Wii,Japan,70738.0
49,2007-07-14,Wii,Japan,107805.0
49,2007-12-01,Wii,Japan,73174.0
49,2007-12-08,Wii,Japan,112979.0
49,2007-12-15,Wii,Japan,169956.0
49,2008-01-05,Wii,Japan,226300.0
49,2008-02-02,Wii,Japan,97334.0
49,2008-02-09,Wii,Japan,82451.0
49,2008-02-16,Wii,Japan,79371.0
49,2008-05-10,Wii,Japan,69223.0
49,2008-07-12,Wii,Japan,41425.0
49,2008-08-02,Wii,Japan,41096.0
49,2008-11-29,Wii,Japan,45970.0
49,2008-12-06,Wii,Japan,55405.0
49,2008-12-13,Wii,Japan,92392.0
49,2008-12-20,Wii,Japan,141141.0
49,2009-01-03,Wii,Japan,130613.0
49,2009-01-10,Wii,Japan,42843.0
49,2009-01-31,Wii,Japan,24093.0
49,2009-02-07,Wii,Japan,20727.0
49,2009-05-02,Wii,Japan,20794.0
49,2009-07-11,Wii,Japan,21657.0
49,2009-08-01,Wii,Japan,94555.0
49,2009-12-05,Wii,Japan,104193.0
49,2009-12-12,Wii,Japan,138853.0
49,2009-12-19,Wii,Japan,200757.0
49,2009-12-26,Wii,Japan,230985.0
49,2010-01-02,Wii,Japan,176588.0
49,2010-07-31,Wii,Japan,19926.0
49,2010-08-07,Wii,Japan,18333.0
49,2010-11-13,Wii,Japan,37734.0
49,2011-12-31,Wii,Japan,32323.0
49,2012-08-04,Wii,Japan,42558.0
49,2012-12-08,Wii,Japan,6821.0
49,2012-12-15,Wii,Japan,11094.0
49,2012-12-22,Wii,Japan,15080.0
49,2013-01-05,Wii,Japan,5451.0
49,2013-12-21,Wii,Japan,2072.0
50,2006-11-25,PS3,Japan,35661.0
50,2006-12-23,PS3,Japan,79245.0
50,2006-12-30,PS3,Japan,74582.0
50,2007-02-03,PS3,Japan,20101.0
50,2007-06-16,PS3,Japan,10451.0
50,2007-07-28,PS3,Japan,34247.0
50,2007-09-08,PS3,Japan,13667.0
50,2007-11-03,PS3,Japan,17051.0
50,2007-11-17,PS3,Japan,47011.0
50,2007-11-24,PS3,Japan,55368.0
50,2007-12-22,PS3,Japan,55675.0
50,2007-12-29,PS3,Japan,51870.0
50,2008-01-19,PS3,Japan,35760.0
50,2008-01-26,PS3,Japan,32315.0
50,2008-02-02,PS3,Japan,39676.0
50,2008-03-01,PS3,Japan,14035.0
50,2008-04-19,PS3,Japan,7963.0
50,2008-06-14,PS3,Japan,77679.0
50,2008-06-21,PS3,Japan,23037.0
50,2008-06-28,PS3,Japan,18697.0
50,2008-09-06,PS3,Japan,8493.0
50,2008-11-01,PS3,Japan,38171.0
50,2008-11-08,PS3,Japan,22399.0
50,2008-11-22,PS3,Japan,17895.0
50,2008-12-13,PS3,Japan,32169.0
50,2008-12-20,PS3,Japan,38431.0
50,2008-12-27,PS3,Japan,47464.0
50,2009-01-03,PS3,Japan,64970.0
50,2009-01-10,PS3,Japan,29240.0
50,2009-02-28,PS3,Japan,36114.0
50,2009-03-07,PS3,Japan,40317.0
50,2009-04-18,PS3,Japan,60361.0
50,2009-06-13,PS3,Japan,9246.0
50,2009-06-20,PS3,Japan,9625.0
50,2009-06-27,PS3,Japan,10762.0
50,2009-07-04,PS3,Japan,10956.0
50,2009-07-11,PS3,Japan,9577.0
50,2009-07-18,PS3,Japan,8668.0
50,2009-07-25,PS3,Japan,8684.0
50,2009-08-01,PS3,Japan,8514.0
50,2009-08-08,PS3,Japan,6124.0
50,2009-08-15,PS3,Japan,6941.0
50,2009-08-22,PS3,Japan,2905.0
50,2009-08-29,PS3,Japan,1586.0
50,2009-09-05,PS3,Japan,152905.0
50,2009-09-12,PS3,Japan,55601.0
50,2009-09-19,PS3,Japan,53558.0
50,2009-09-26,PS3,Japan,45430.0
50,2009-10-03,PS3,Japan,37642.0
50,2009-11-28,PS3,Japan,43207.0
50,2009-12-12,PS3,Japan,77669.0
50,2009-12-19,PS3,Japan,243453.0
50,2009-12-26,PS3,Japan,118584.0
50,2010-01-02,PS3,Japan,127951.0
50,2010-02-27,PS3,Japan,27069.0
50,2010-03-06,PS3,Japan,28851.0
50,2010-03-13,PS3,Japan,27022.0
50,2010-03-27,PS3,Japan,48260.0
50,2010-04-17,PS3,Japan,24559.0
50,2010-07-31,PS3,Japan,43868.0
50,2010-08-07,PS3,Japan,27652.0
50,2010-08-14,PS3,Japan,31939.0
50,2010-09-04,PS3,Japan,21238.0
50,2010-09-11,PS3,Japan,18475.0
50,2010-09-18,PS3,Japan,19516.0
50,2010-09-25,PS3,Japan,19628.0
50,2010-11-27,PS3,Japan,65618.0
50,2010-12-18,PS3,Japan,48821.0
50,2010-12-25,PS3,Japan,62944.0
50,2011-03-05,PS3,Japan,24570.0
50,2011-08-27,PS3,Japan,33010.0
50,2011-09-10,PS3,Japan,64161.0
50,2011-09-17,PS3,Japan,37137.0
50,2011-09-24,PS3,Japan,38967.0
50,2011-11-19,PS3,Japan,40940.0
50,2011-11-26,PS3,Japan,33521.0
50,2012-03-03,PS3,Japan,63579.0
50,2012-09-01,PS3,Japan,12074.0
50,2012-09-08,PS3,Japan,11807.0
50,2012-10-06,PS3,Japan,44511.0
50,2013-01-05,PS3,Japan,64803.0
51,2005-12-10,X360,Japan,54644.0
51,2005-12-17,X360,Japan,10786.0
51,2005-12-24,X360,Japan,6785.0
51,2006-01-07,X360,Japan,8308.0
51,2006-04-22,X360,Japan,3524.0
51,2006-08-12,X360,Japan,1073.0
51,2006-09-16,X360,Japan,880.0
51,2006-09-30,X360,Japan,2261.0
51,2006-10-14,X360,Japan,1795.0
51,2006-11-04,X360,Japan,6672.0
51,2006-11-11,X360,Japan,4173.0
51,2006-12-16,X360,Japan,18735.0
51,2006-12-23,X360,Japan,18913.0
51,2006-12-30,X360,Japan,18170.0
51,2007-01-06,X360,Japan,19993.0
51,2007-01-27,X360,Japan,7727.0
51,2007-06-16,X360,Japan,7847.0
51,2007-08-11,X360,Japan,2530.0
51,2007-09-15,X360,Japan,1516.0
51,2007-09-22,X360,Japan,1796.0
51,2007-10-13,X360,Japan,6829.0
51,2007-11-03,X360,Japan,17857.0
51,2007-11-17,X360,Japan,6296.0
51,2007-12-08,X360,Japan,8588.0
51,2007-12-15,X360,Japan,8889.0
51,2007-12-22,X360,Japan,8244.0
51,2007-12-29,X360,Japan,9015.0
51,2008-02-23,X360,Japan,2473.0
51,2008-03-01,X360,Japan,2566.0
51,2008-03-08,X360,Japan,2776.0
51,2008-04-12,X360,Japan,1724.0
51,2008-04-19,X360,Japan,1465.0
51,2008-04-26,X360,Japan,1639.0
51,2008-05-03,X360,Japan,1970.0
51,2008-05-10,X360,Japan,1544.0
51,2008-05-17,X360,Japan,1480.0
51,2008-05-31,X360,Japan,1884.0
51,2008-06-07,X360,Japan,2256.0
51,2008-06-14,X360,Japan,2195.0
51,2008-06-21,X360,Japan,2313.0
51,2008-06-28,X360,Japan,4256.0
51,2008-08-09,X360,Japan,24726.0
51,2008-08-23,X360,Japan,3712.0
51,2008-08-30,X360,Japan,3143.0
51,2008-09-06,X360,Japan,951.0
51,2008-09-13,X360,Japan,28719.0
51,2008-09-20,X360,Japan,14027.0
51,2008-09-27,X360,Japan,10752.0
51,2008-10-04,X360,Japan,8015.0
51,2008-11-01,X360,Japan,6272.0
51,2008-11-08,X360,Japan,11493.0
51,2008-11-22,X360,Japan,14884.0
51,2008-11-29,X360,Japan,11829.0
51,2008-12-06,X360,Japan,10100.0
51,2009-01-03,X360,Japan,19540.0
51,2009-02-14,X360,Japan,9999.0
51,2009-02-21,X360,Japan,25209.0
51,2009-02-28,X360,Japan,13181.0
51,2009-03-07,X360,Japan,14642.0
51,2009-03-14,X360,Japan,7968.0
51,2009-04-11,X360,Japan,9612.0
51,2009-04-18,X360,Japan,8207.0
51,2009-06-13,X360,Japan,7431.0
51,2009-06-27,X360,Japan,5538.0
51,2009-07-11,X360,Japan,3414.0
51,2009-07-18,X360,Japan,2827.0
51,2009-07-25,X360,Japan,2767.0
51,2009-08-01,X360,Japan,3107.0
51,2009-08-08,X360,Japan,4513.0
51,2009-08-15,X360,Japan,8364.0
51,2009-08-22,X360,Japan,7615.0
51,2009-08-29,X360,Japan,6542.0
51,2009-09-05,X360,Japan,5771.0
51,2009-09-12,X360,Japan,7171.0
51,2009-09-19,X360,Japan,4527.0
51,2009-09-26,X360,Japan,4320.0
51,2009-11-21,X360,Japan,3578.0
51,2009-11-28,X360,Japan,3477.0
51,2009-12-12,X360,Japan,9999.0
51,2010-01-02,X360,Japan,6853.0
51,2010-02-20,X360,Japan,2453.0
51,2010-02-27,X360,Japan,3689.0
51,2010-03-06,X360,Japan,3036.0
51,2010-05-15,X360,Japan,4558.0
51,2010-06-26,X360,Japan,17604.0
51,2010-07-03,X360,Japan,7685.0
51,2010-07-10,X360,Japan,6024.0
51,2010-07-17,X360,Japan,5976.0
51,2010-07-24,X360,Japan,5874.0
51,2010-07-31,X360,Japan,7591.0
51,2010-09-11,X360,Japan,2576.0
51,2010-11-20,X360,Japan,6348.0
51,2010-12-11,X360,Japan,3812.0
51,2011-06-25,X360,Japan,2023.0
51,2011-09-24,X360,Japan,3926.0
51,2012-04-07,X360,Japan,3372.0
51,2012-10-06,X360,Japan,4575.0
